"Location","Country","Year","category_var","Total_Employment","Public_Services_Emp_Pct","Industry_Emp_Pct","Financial_Busines_Serices_Emp_Pct","Consumer_services_Emp_Pct","Agriculture_Emp_Pct","Transport_Information_Communic_Services_Emp_Pct","Total_GVA","Agriculture_GVA_Pct","Consumer_services_GVA_Pct","Financial_business_services_GVA_Pct","Public_services_GVA_Pct","Transport_Information_Communic_Services_GVA_Pct","Agriculture_Productivity","Consumer_services_Productivity","Financial_business_services_Productivity","Industry_Productivity","Public_services_Productivity","Transport_Information_Communic_Services_Productivity","Total_GDP","GDP_per_capita_PPP","GVA_per_capita","POPTOTT","EMPTOTT","EMPO_Q","EMPB_F","EMPK_N","EMPGIR_U","EMPA","EMPHJ","GVATOTPPPC","GVAAPPPC","GVAGIR_UPPPC","GVAK_NPPPC","GVAB_FPPPC","GVAO_QPPPC","GVAHJPPPC","GDPTOTUSC","GDPTOTPPPC"
"Chittagong","Bangladesh",2011,"DIRECT COMPARATORS",1051.296,0.241684359114845,0.265265253553709,0.0139996157124159,0.291186497427937,0.0337241937570389,0.154140318235778,19372.47,0.00551473818258591,0.313463280624515,0.201437142501705,0.0745133687134372,0.1404951459468,3.01330649676441,19.8369741332901,265.14498829304,13.9932686035867,20.1726097658313,16.7959685795056,6725.873,4.95315654097104,4.77015088695765,4061.186,1051.296,254.0818,278.8723,14.71774,306.1232,35.45411,162.0471,19372.47,106.8341,6072.558,3902.335,5125.493,1443.508,2721.738,6725.873,20115.69
"Chittagong","Bangladesh",2012,"DIRECT COMPARATORS",1083.023,0.246299570738572,0.262168670471449,0.0135172106224891,0.289526168880993,0.0327265164267056,0.15576225066319,20703.65,0.00524717139248393,0.309069705100308,0.199410345518785,0.0750414057424657,0.143904625512893,3.06502984885552,20.4069383075517,282.013463620559,14.5403925620926,20.7485789027176,17.6612637904942,7174.823,5.18032296145369,4.99811698360086,4142.29,1083.023,266.7481,283.9347,14.63945,313.5635,35.44357,168.6941,20703.65,108.6356,6398.871,4128.522,5534.644,1553.631,2979.351,7174.823,21458.4
"Chittagong","Bangladesh",2013,"DIRECT COMPARATORS",1135.414,0.246824594377029,0.267260928612823,0.0132802220159343,0.285557778924692,0.0308459469409396,0.156230502706502,22107.39,0.00501430517125721,0.305654805926887,0.196579514813825,0.0752905250235329,0.144277818412757,3.16516155706035,20.8410915462441,288.214715605944,14.3214177671709,21.5500622484149,17.9811293205845,7651.986,5.41583780245557,5.23169860722415,4225.662,1135.414,280.2481,303.4518,15.07855,324.2263,35.02292,177.3863,22107.39,110.8532,6757.23,4345.86,6039.364,1664.477,3189.606,7651.986,22885.5
"Chittagong","Bangladesh",2014,"DIRECT COMPARATORS",1164.045,0.248848455171407,0.26897009995318,0.0128721140505736,0.283080035565635,0.0297238337005872,0.156505805187944,23562.46,0.00488929424177272,0.303672282096182,0.193409219580638,0.0760490203484696,0.144586431128159,3.32960114312535,21.7143469292563,304.143230119089,14.5553961071668,22.5638345321655,18.7002730269766,8148.819,5.65367078623665,5.46600861803989,4310.725,1164.045,289.6708,313.0933,14.98372,329.5179,34.59988,182.1798,23562.46,115.2038,7155.266,4557.197,6536.084,1791.902,3406.812,8148.819,24371.42
"Chittagong","Bangladesh",2015,"DIRECT COMPARATORS",1199.709,0.252834895795564,0.272641698945328,0.0124806432226482,0.278312407425467,0.0282417402886867,0.155488622657661,25249.51,0.00469597627835154,0.299771005457136,0.189909467550063,0.0775865353426661,0.144049013228376,3.49954415148869,22.66909039069,320.248191094186,14.659912372929,23.6396076462368,19.4979390600784,8733.663,5.94052328682072,5.74242071041377,4397.015,1199.709,303.3283,327.0907,14.97314,333.8939,33.88187,186.5411,25249.51,118.5711,7569.071,4795.121,7170.562,1959.022,3637.167,8733.663,26120.57
"Chittagong","Bangladesh",2016,"DIRECT COMPARATORS",1242.404,0.260300272697126,0.276959829491856,0.0120297584360643,0.271248724247507,0.0264622860196844,0.152999024471911,27238.38,0.00445892156581999,0.294382411876184,0.185497669097795,0.0804613563655401,0.142741859097347,3.69420428051958,23.7937332437192,338.064823475728,14.6838556681856,24.6324236289576,20.454135115258,9416.836,6.27652763072241,6.07029255246246,4487.161,1242.404,323.3981,344.096,14.94582,337.0005,32.87685,190.0866,27238.38,121.4538,8018.5,5052.656,7966.079,2191.637,3888.057,9416.836,28163.79
"Chittagong","Bangladesh",2017,"DIRECT COMPARATORS",1293.589,0.265676888099698,0.279662087417255,0.011705425757331,0.266323538620072,0.0248966325471228,0.151735752236607,29422.36,0.00423576830682515,0.290375313197174,0.182113365481219,0.0824685375340387,0.142162321445323,3.86965973121166,24.798837896487,353.863522742357,14.8111716963201,25.5671478456352,21.3097215917572,10171.88,6.64416053890655,6.42584563963158,4578.753,1293.589,343.6767,361.7678,15.14201,344.5132,32.20601,196.2837,29422.36,124.6263,8543.527,5358.205,8786.833,2426.419,4182.751,10171.88,30421.97
"Chittagong","Bangladesh",2018,"DIRECT COMPARATORS",1347.273,0.266486153882695,0.286830286066744,0.0113596056626979,0.26151514949086,0.0236909594417761,0.150117904834432,31921.39,0.00405745489153198,0.285647022263128,0.177677726439857,0.0828384039667446,0.140864636533685,4.05786167699359,25.8796880104379,370.591898194582,14.676894420771,27.4656769246881,22.2328773625487,11035.84,7.06609123302194,6.83391107910293,4671.028,1347.273,359.0296,386.4387,15.30449,352.3323,31.91819,202.2498,31921.39,129.5196,9118.25,5671.72,9860.991,2644.317,4496.595,11035.84,33005.91
"Chittagong","Bangladesh",2019,"DIRECT COMPARATORS",1398.676,0.267166305849246,0.290168201928109,0.0111302045648885,0.257820824837203,0.0227862492814633,0.150928234987946,34719.95,0.00392391118074767,0.281766361990729,0.174744203260661,0.08307848945635,0.141686177543458,4.27472609535189,27.1289583863688,389.727991880546,14.9490958880753,29.2493479030537,23.3033822407137,12003.36,7.53041149704779,7.28297459597472,4767.276,1398.676,373.6791,405.8513,15.56755,360.6078,31.87058,211.0997,34719.95,136.238,9782.914,6067.11,10929.87,2884.481,4919.337,12003.36,35899.55
"Qinhuangdao, Hebei","China",2011,"ASPIRATIONAL COMPARATORS",483.3801,0.285087036061269,0.376135674596451,0.0714444802340849,0.0592719476867169,0.110843516313559,0.0972173864832251,25198.47,0.159675567603906,0.0941631773675148,0.111940367808045,0.0793351342363247,0.198127624415292,75.0954421976295,82.8165836442022,81.677691282195,15.5141365057627,65.2352012330431,106.239616793583,15391.05,8.35691949434464,8.3827245508982,3006,483.3801,137.8054,181.8165,34.53484,28.65088,53.57955,46.99295,25198.47,4023.58,2372.768,2820.726,8989.763,1999.124,4992.513,15391.05,25120.9
"Qinhuangdao, Hebei","China",2012,"ASPIRATIONAL COMPARATORS",497.444,0.270229211730366,0.387271934127259,0.0797604956537821,0.0622363120270824,0.108664492887642,0.091837633984931,27381.5,0.151376659423333,0.0965609261727809,0.117116155068203,0.0720374705549367,0.198403703230283,76.6803873868041,85.4025055008095,80.8243090725515,16.6461506358032,74.2479053204081,118.916502203831,16791.64,9.06912971542025,9.06072137657181,3022,497.444,134.4239,192.6461,39.67638,30.95908,54.0545,45.68408,27381.5,4144.92,2643.983,3206.816,9980.693,1972.494,5432.591,16791.64,27406.91
"Qinhuangdao, Hebei","China",2013,"ASPIRATIONAL COMPARATORS",493.7159,0.270307680996298,0.390118892261724,0.0848877461714318,0.0600844534275684,0.104661770058449,0.0899394773390932,29288.18,0.147835406638446,0.0947607533141356,0.122349903612993,0.0733833922080512,0.198574510263185,83.7925980169984,93.5581576050956,85.5015326733703,18.6046678251515,79.6853176196956,130.975001435664,17967.05,9.6300374359648,9.61781820570078,3045.2,493.7159,133.4552,192.6079,41.91043,29.66465,51.67318,44.40455,29288.18,4329.83,2775.37,3583.406,10634.42,2149.266,5815.886,17967.05,29325.39
"Qinhuangdao, Hebei","China",2014,"ASPIRATIONAL COMPARATORS",503.4846,0.273019472690922,0.373769326807612,0.0929989517057721,0.057837479041067,0.110905120037435,0.0914696497171909,30747.35,0.145924510567577,0.0955628371225488,0.128609750108546,0.0729422860831909,0.193997206263304,80.3522697927005,100.902326488619,84.4534394452021,21.0131778426895,81.1877687578522,129.520931715159,18865.4,10.047857725567,10.0333985968347,3064.5,503.4846,137.4611,188.1871,46.82354,29.12028,55.83902,46.05356,30747.35,4486.792,2938.304,3954.409,11160.16,2242.782,5964.9,18865.4,30791.66
"Qinhuangdao, Hebei","China",2015,"ASPIRATIONAL COMPARATORS",507.9,0.271277219925182,0.366551289623942,0.0965875172278008,0.0560365820043316,0.117812974995078,0.0917344949793266,32485.21,0.142053968559846,0.0983007651789845,0.135126846955892,0.080033313621799,0.183577418769957,77.1201230806049,112.199966410152,89.4804390013209,23.5784014085944,85.092287292144,127.995308202383,19903,10.5704835350774,10.5704835350774,3073.2,507.9,137.7817,186.1714,49.0568,28.46098,59.83721,46.59195,32485.21,4614.653,3193.321,4389.624,11724.16,2599.899,5963.551,19903,32485.21
"Qinhuangdao, Hebei","China",2016,"ASPIRATIONAL COMPARATORS",516.1503,0.274521200510781,0.358692807114517,0.102994127873218,0.0561914039379615,0.118411652574841,0.0891886723692692,34303.94,0.140116703795541,0.102068916864943,0.140850963475333,0.0828834821889264,0.17310492613968,78.64358265728,120.723395789638,90.8898062375319,26.0978646360526,87.3915093207767,128.993417148259,20997.67,11.07473986945,11.0850966199186,3094.6,516.1503,141.6942,185.1394,53.16045,29.00321,61.11821,46.03476,34303.94,4806.555,3501.366,4831.743,12382.87,2843.23,5938.181,20997.67,34271.89
"Qinhuangdao, Hebei","China",2017,"ASPIRATIONAL COMPARATORS",521.1985,0.303045384819795,0.35115949105763,0.0993740005007689,0.0439903606783212,0.118906443514323,0.0835242426829701,36871.85,0.134145886360462,0.105469294326159,0.144082816566025,0.0924708958188971,0.168128206206089,79.8111816820834,169.613450274798,102.572558220536,29.0268260193483,83.0369466174687,142.403218177779,22530.5,11.8220658965904,11.8536096400663,3110.601,521.1985,157.9468,183.0238,51.79358,22.92771,61.97386,43.53271,36871.85,4946.207,3888.848,5312.6,13115.42,3409.573,6199.198,22530.5,36773.73
"Qinhuangdao, Hebei","China",2018,"ASPIRATIONAL COMPARATORS",526.004,0.300231747287093,0.345181975802465,0.106528847689371,0.0458039482589486,0.116746317518498,0.0855072394886731,39551.84,0.129825211671568,0.104667646309249,0.143473527401001,0.0926518210025122,0.174013522506159,83.6167905599551,171.825330613878,101.270322265172,31.2536907842886,89.0019889427196,153.023368532688,24175.22,12.6182559159137,12.6481944463099,3127.074,526.004,157.9231,181.5671,56.0346,24.09306,61.40903,44.97715,39551.84,5134.826,4139.798,5674.642,14055.47,3664.55,6882.555,24175.22,39458.22
"Qinhuangdao, Hebei","China",2019,"ASPIRATIONAL COMPARATORS",528.525,0.30445466155811,0.340366680857102,0.109136899862826,0.0458195922614824,0.112320438957476,0.0879015183766142,42180.93,0.124528762168117,0.104929099476944,0.143709017321335,0.0949827327183161,0.180355245842138,88.4833374210972,182.765972382809,105.090394541897,33.6967174248147,92.1397982374206,163.750644397162,25783.46,13.3941606071736,13.4252850661797,3141.902,528.525,160.9119,179.8923,57.68158,24.2168,59.36416,46.45815,42180.93,5252.739,4426.007,6061.78,14826.39,4006.46,7607.552,25783.46,42083.14
"Hangzhou, Zhejiang","China",2011,"ASPIRATIONAL COMPARATORS",4251.597,0.146440855048115,0.552220024616632,0.101479938009176,0.0793157018409788,0.0583520027885992,0.0621915247376456,185623.3,0.0374203292366853,0.188700933557371,0.218210429401912,0.0510800529890375,0.0826444740504021,27.9983368885062,103.871230039642,93.8805678873051,17.2521708463649,125.797681524877,58.0180346450046,113965.1,21.287594415198,21.2432249942779,8738,4251.597,622.6075,2347.817,431.4518,337.2184,248.0892,264.4133,185623.3,6946.085,35027.29,40504.94,78322.58,9481.648,15340.74,113965.1,186011
"Hangzhou, Zhejiang","China",2012,"ASPIRATIONAL COMPARATORS",4490.658,0.145720426716976,0.546784235183352,0.110705179508215,0.0758777889565404,0.056284624658569,0.0646277449763487,202639.8,0.0351186440176115,0.192082453693697,0.22150688068188,0.0513400131662191,0.0856709787514595,28.1554667563451,114.232003643821,90.288834654124,18.2804130126768,128.288949886351,59.8176700453551,124221.9,23.0347648261759,23.0220177232447,8802,4490.658,654.3806,2455.421,497.1391,340.7412,252.755,290.2211,202639.8,7116.435,38923.55,44886.11,83949.8,10403.53,17360.35,124221.9,202752
"Hangzhou, Zhejiang","China",2013,"ASPIRATIONAL COMPARATORS",4656.038,0.143906149391392,0.536721994107436,0.113226416966528,0.0845138720946865,0.0540167627497886,0.0676146758252403,218520.2,0.033021354547543,0.207650963160385,0.213497287664939,0.0490099313473079,0.0861173475038006,28.6907171692231,115.313730782074,88.4951909808009,18.6688704832897,133.944219123699,59.7757106123726,134159.7,24.7598582470803,24.7087492207852,8843.839,4656.038,670.0325,2498.998,527.1865,393.4998,251.5041,314.8165,218520.2,7215.833,45375.93,46653.47,89746.98,10709.66,18818.38,134159.7,218972.2
"Hangzhou, Zhejiang","China",2014,"ASPIRATIONAL COMPARATORS",4836.112,0.144265186579633,0.536319464892459,0.113370513337987,0.0833074999090178,0.0533477305736509,0.0693897080960904,236164.7,0.0311237284827072,0.215949038954594,0.198356824707503,0.0513234196304528,0.09240733267927,28.4901215369564,126.586038079409,85.4408710996813,18.0610178274211,139.068739853911,65.0324337468308,145160.7,26.6450629779577,26.5592330184435,8892,4836.112,697.6826,2593.701,548.2725,402.8844,257.9956,335.5764,236164.7,7350.326,50999.54,46844.88,97025.84,12120.78,21823.35,145160.7,236927.9
"Hangzhou, Zhejiang","China",2015,"ASPIRATIONAL COMPARATORS",5040.286,0.15258773014071,0.516224079347878,0.118946643107157,0.084103044946259,0.0566100812533257,0.0715285600856777,261094.5,0.0286510746109167,0.22424133790639,0.197564981261574,0.0579074626236861,0.0987442094720494,26.2174036469924,138.116797364683,86.039983980654,19.8250482240594,133.381347048665,71.5113040892655,159967.1,28.9525948103792,28.9525948103792,9018,5040.286,769.0858,2601.917,599.5251,423.9034,285.331,360.5244,261094.5,7480.638,58548.18,51583.13,102581.7,15119.32,25781.57,159967.1,261094.5
"Hangzhou, Zhejiang","China",2016,"ASPIRATIONAL COMPARATORS",5220.267,0.156155231140476,0.505697122388567,0.130534913252521,0.0783868334703953,0.0530450453971032,0.076180758570395,287042,0.0266043784533274,0.229093825990622,0.199974010771943,0.0614752544923739,0.108443503041367,27.577889222211,160.702634065184,84.2363621875326,21.7438180761658,131.838556770841,78.2728191913226,175324,31.1449281671746,31.2409664780148,9188,5220.267,815.172,2639.874,681.4271,409.2002,276.9093,397.6839,287042,7636.574,65759.55,57400.94,107471.1,17645.98,31127.84,175324,286159.6
"Hangzhou, Zhejiang","China",2017,"ASPIRATIONAL COMPARATORS",5436.585,0.156141290902285,0.491811495635587,0.138142032176449,0.0782676073307049,0.0503806157725852,0.0852570317579878,311111.6,0.025027758527808,0.226244858758079,0.203570712246024,0.0611448432009607,0.121551044705501,28.428144002249,165.419492207559,84.3294906972629,23.6868135875307,132.841404050583,81.5865388038285,189525.2,32.6720109843684,32.8592733417828,9468,5436.585,848.8754,2673.775,751.0209,425.5085,273.8985,463.5071,311111.6,7786.426,70387.4,63333.21,112765.8,19022.87,37815.94,189525.2,309338.6
"Hangzhou, Zhejiang","China",2018,"ASPIRATIONAL COMPARATORS",5612.047,0.166462736324197,0.4844521081167,0.137388229286034,0.0790917823745952,0.0485622625754916,0.0840429525982231,332196.1,0.0238636726921237,0.227988438154452,0.204106249290705,0.0665715220618183,0.118120110380585,29.0878485853309,170.629724953522,87.9386928536559,24.9389797143412,127.783153162498,83.1947215431684,202223.4,33.6594126045278,33.8768203140934,9806,5612.047,934.1967,2718.768,771.0292,443.8668,272.5337,471.653,332196.1,7927.419,75736.87,67803.3,119374.6,22114.8,39239.04,202223.4,330064.2
"Hangzhou, Zhejiang","China",2019,"ASPIRATIONAL COMPARATORS",5761.458,0.16724297912091,0.478705216630929,0.142615931592316,0.0792055587318349,0.0454233633222702,0.08680695060174,355103,0.0227097771632456,0.228348282047744,0.206580879350498,0.067836486878455,0.120476903884225,30.8145284305064,177.690425658967,89.2779109811815,26.5976889385216,130.477558612127,85.5403925263319,215931.2,34.719813297527,34.9823808899892,10150.91,5761.458,963.5634,2758.04,821.6757,456.3395,261.7048,500.1346,355103,8064.31,81087.16,73357.49,125723.4,24088.94,42781.71,215931.2,352437.7
"Surabaya","Indonesia",2011,"DIRECT COMPARATORS",2865.782,0.0839867442813166,0.358285452277947,0.0330426285041919,0.331870602858138,0.0783734073282615,0.114441084492819,111845.6,0.0208078726387091,0.340733743660904,0.0717023468066692,0.0426060122168418,0.10923237033911,10.361788076728,40.070255695487,84.6904685743831,7.81052000062331,192.80889717256,37.2516184742679,37155,18.9470097459322,18.5361976379464,6033.902,2865.782,240.6877,1026.768,94.69297,951.0688,224.6011,327.9632,111845.6,2327.269,38109.57,8019.592,46406.73,4765.295,12217.16,37155,114324.4
"Surabaya","Indonesia",2012,"DIRECT COMPARATORS",2980.112,0.0820070520839485,0.370095486344137,0.0367714032224292,0.334508535249682,0.0732719105859109,0.10334554540232,119334.9,0.0208243606857675,0.337215098014076,0.0731966088713361,0.042501003478446,0.112242939827326,11.3807019190918,40.3677640349136,79.7105205282941,7.91976070924069,202.164571247129,43.4912769054485,39692.48,20.1149992267396,19.6543039972541,6071.693,2980.112,244.3902,1102.926,109.5829,996.8729,218.3585,307.9813,119334.9,2485.073,40241.53,8734.91,49407.04,5071.853,13394.5,39692.48,122132.1
"Surabaya","Indonesia",2013,"DIRECT COMPARATORS",3123.111,0.0858271127731291,0.368087781702283,0.0390073231466957,0.341934052295932,0.068631534389908,0.0965120355952766,127213.9,0.0206206554472428,0.337764898332651,0.0758781784066049,0.0423913660378308,0.115522124547711,12.2384355234742,40.2364177103057,79.2351519648805,8.39677742895443,193.550511177865,48.7563110075118,42413.04,21.3592916286887,20.8209361097877,6109.903,3123.111,268.0476,1149.579,121.8242,1067.898,214.3439,301.4178,127213.9,2623.234,42968.39,9652.759,51880.75,5392.771,14696.02,42413.04,130503.2
"Surabaya","Indonesia",2014,"DIRECT COMPARATORS",3140.002,0.0834313481328993,0.367092122871259,0.041617903428087,0.339147236211951,0.0663157539390102,0.10239569911102,135323.6,0.0203770369691613,0.335649731458519,0.0762230682600818,0.0409149475775105,0.115249963790499,13.2424377472007,42.6522199257599,78.9314074118287,8.94859760382417,212.605458697141,48.5068083839804,45124.93,22.5875626842134,22.0142825490208,6147.082,3140.002,261.9746,1152.67,130.6803,1064.923,208.2316,321.5227,135323.6,2757.494,45421.33,10314.78,55697.23,5536.758,15596.04,45124.93,138847.6
"Surabaya","Indonesia",2015,"DIRECT COMPARATORS",3103.807,0.0890003469932248,0.372092723548855,0.0449505397726083,0.336726155975549,0.0651871073169176,0.0920430619558497,142188.1,0.0204890845295774,0.334567731054849,0.0769574247071309,0.0408034497964316,0.11655855869795,14.3989023774244,45.5172212531802,78.4303508226191,9.47475287989305,211.359003532799,58.0125096303992,47713.74,23.7482006463519,23.0000383366054,6182.081,3103.807,276.2399,1154.904,139.5178,1045.133,202.3282,285.6839,142188.1,2913.304,47571.55,10942.43,58385.79,5801.765,16573.24,47713.74,146813.3
"Surabaya","Indonesia",2016,"DIRECT COMPARATORS",3109.797,0.0915535322723637,0.377000170750695,0.0340635096117206,0.322753543076927,0.0639106989941787,0.110718577450554,149476.6,0.0204756329753286,0.334821370033838,0.0777292900694824,0.0404361351542649,0.117858514309263,15.3994404005448,49.8635645383372,109.682282551029,9.91024348469883,214.559895248863,51.1660199185449,50358.31,24.935830073206,24.0549278480585,6213.97,3109.797,284.7129,1172.394,105.9306,1003.698,198.7493,344.3123,149476.6,3060.628,50047.96,11618.71,61087.97,6044.256,17617.09,50358.31,154950.5
"Surabaya","Indonesia",2017,"DIRECT COMPARATORS",3286.689,0.0938647982817967,0.375657995021738,0.044075755266166,0.328255578790692,0.059397131885615,0.0987486190509659,157385.1,0.0202336434643432,0.334297401723543,0.0767677499331258,0.0400897607206781,0.120376198255108,16.3122407090671,48.7669829841112,83.4034569142081,9.78568379754607,208.263318124474,58.3733469724793,53159.65,26.1806871253745,25.1907289981224,6247.739,3286.689,308.5044,1234.671,144.8633,1078.874,195.2199,324.556,157385.1,3184.474,52613.43,12082.1,64250.15,6309.531,18945.42,53159.65,163570.1
"Surabaya","Indonesia",2018,"DIRECT COMPARATORS",3361.452,0.0918221946944356,0.379127829283298,0.0436681826781998,0.333053989763947,0.0562180867077679,0.0961097168723516,165571.4,0.0188768954058491,0.33518331064423,0.0769632919695068,0.0401565487759359,0.120981280583482,16.5391396929955,49.5708256479195,86.8114327757283,9.99899562153764,218.775698115604,62.0025121630665,56036.17,27.4589181643942,26.368084647254,6279.235,3361.452,308.6559,1274.42,146.7885,1119.545,188.9744,323.0682,165571.4,3125.474,55496.77,12742.92,67526.41,6648.776,20031.04,56036.17,172421
"Surabaya","Indonesia",2019,"DIRECT COMPARATORS",3481.774,0.0896702370688046,0.377246484119877,0.0493844804401435,0.329075637878851,0.0534272471447027,0.101195913347621,174387.4,0.0180806984908313,0.333709201467537,0.0771296550094789,0.0404294117579596,0.120857355519952,16.9498918405174,50.79102470223,78.2249734799844,10.2402536149958,228.892465524172,59.8170012995922,59046.18,28.8001875598608,27.6437427893601,6308.386,3481.774,312.2115,1313.487,171.9456,1145.767,186.0216,352.3413,174387.4,3153.046,58194.68,13450.44,71462.86,7050.38,21076,59046.18,181682.7
"Kochi","India",2011,"DIRECT COMPARATORS",866.1349,0.164217375376515,0.36442383282327,0.0935071315103456,0.200825875969205,0.0585256869339868,0.118500132023314,17785,0.0608910317683441,0.141318639302783,0.213563845937588,0.189274613438291,0.108159179083497,21.3636347495835,14.4493432592302,46.8976768553172,12.0334260338195,35.8606075604776,18.7418681938597,5582.552,8.72623424256055,8.10516064259773,2194.281,866.1349,142.2344,315.6402,80.98979,173.9423,50.69114,102.6371,17785,1082.947,2513.352,3798.233,5100.612,3366.249,1923.611,5582.552,19147.81
"Kochi","India",2012,"DIRECT COMPARATORS",890.8091,0.171349955899642,0.358745661668701,0.0996384747304445,0.191663960325506,0.0550765141487666,0.123525343420942,19880.68,0.0563989762925614,0.124498709299682,0.278810684543989,0.17577758909655,0.109832208958647,22.8534286563346,14.4967610814357,62.4494951827908,17.3448019378303,33.1711391698512,19.8435896853345,6275.695,9.57545526812965,8.84387229137872,2247.961,890.8091,152.6401,319.5739,88.75886,170.736,49.06266,110.0375,19880.68,1121.25,2475.119,5542.946,5063.246,3494.578,2183.539,6275.695,21525.25
"Kochi","India",2013,"DIRECT COMPARATORS",906.8683,0.172543356074967,0.354138743189061,0.103681273234493,0.189852815452916,0.0542508983939564,0.125533001870283,20855.21,0.0478599544190636,0.128735073873627,0.296153862751802,0.173102068979406,0.115918084737579,20.287834446716,15.5937364778724,65.6882097427861,19.2315507794937,31.7519448905602,21.2355556258285,6592.858,9.82173881317887,9.05821959457112,2302.352,906.8683,156.4741,321.1572,94.02526,172.1715,49.19842,113.8419,20855.21,998.1294,2684.797,6176.351,4968.357,3610.08,2417.496,6592.858,22613.1
"Kochi","India",2014,"DIRECT COMPARATORS",917.3163,0.172430272960374,0.349511613387879,0.108508221210067,0.187685752449837,0.0538454838314767,0.128018765174019,22251.54,0.0444414319188694,0.130051448124489,0.321828826229555,0.15763547152242,0.114846028634423,20.0207214170979,16.8083409615769,71.9454378279455,22.3359430240911,32.5244241909655,21.7612235669999,7097.575,10.3284589311784,9.44059139408581,2357.007,917.3163,158.1731,320.6127,99.53636,172.1672,49.39334,117.4337,22251.54,988.8903,2893.845,7161.187,5144.489,3507.632,2555.501,7097.575,24344.25
"Kochi","India",2015,"DIRECT COMPARATORS",927.249,0.172238524926961,0.345475379320981,0.112747924236101,0.185480922600078,0.0535427161420503,0.130514565127598,24170.49,0.0404624647659191,0.137205741381329,0.331274252197618,0.147590843214184,0.111791320738636,19.6988565168429,19.2824457662498,76.5893190900795,24.9953752508649,35.0621634482931,22.3274017823574,7770.986,11.0521516732472,10.0223539158537,2411.658,927.249,159.708,320.3417,104.5454,171.987,49.64743,121.0195,24170.49,977.9976,3316.33,8007.061,5599.708,3567.343,2702.051,7770.986,26654.01
"Kochi","India",2016,"DIRECT COMPARATORS",940.8298,0.171945552745034,0.341567943532401,0.117059004721151,0.182857090623618,0.0533659116664885,0.133204432937817,26786.29,0.0362554911486436,0.134660679026472,0.335207451274514,0.148075676026803,0.110513998019136,19.342444586785,20.9667200271569,81.5286663531053,27.9407500623138,38.9590131759921,23.6210997688368,8637.941,12.0110698863093,10.8591952298868,2466.692,940.8298,161.7715,321.3573,110.1326,172.0374,50.20824,125.3227,26786.29,971.1501,3607.06,8978.964,6302.458,3966.398,2960.26,8637.941,29627.61
"Kochi","India",2017,"DIRECT COMPARATORS",953.2947,0.17138760972866,0.33833420032651,0.121324392131835,0.17997792288156,0.0531826621924993,0.135793265188614,28795.26,0.0353553327874102,0.13825442104013,0.336430544471555,0.156704263132196,0.104482439123661,20.0806923247615,23.2035063996456,83.7608585319291,30.0360863194435,40.3198621153132,23.2412186850623,9280.775,12.6259181136617,11.4212427247004,2521.202,953.2947,163.3829,322.5322,115.6579,171.572,50.69875,129.451,28795.26,1018.066,3981.072,9687.605,6587.576,4512.34,3008.599,9280.775,31832.49
"Kochi","India",2018,"DIRECT COMPARATORS",977.4746,0.17064095578545,0.335565036677168,0.125512928929304,0.176785156361096,0.0529772538335011,0.138518688874371,31357.35,0.0340422261447476,0.137827909565062,0.335275142829353,0.163421079906306,0.0978112308597506,20.6140052742241,25.0106653240974,85.6932796568793,32.0522502159257,43.5442801198102,22.6524001373723,10087.87,13.4347478324345,12.1753893464106,2575.47,977.4746,166.7972,328.0063,122.6857,172.803,51.78392,135.3985,31357.35,1067.474,4321.918,10513.34,7263.064,5124.452,3067.101,10087.87,34600.79
"Kochi","India",2019,"DIRECT COMPARATORS",1013.277,0.174276431814795,0.332116588060323,0.130136872740623,0.170442435780147,0.0517106970749361,0.141316935053297,33297.91,0.0329335685032484,0.134481323302273,0.340621078019611,0.1733026487248,0.0986905484458334,20.9289378872101,25.9282396497156,86.0121776335896,33.7030916769903,41.4777821884894,22.949336979689,10620.4,13.8510396078381,12.6611200128977,2629.934,1013.277,176.5903,336.5261,131.8647,172.7054,52.39726,143.1932,33297.91,1096.619,4477.947,11341.97,7324.574,5770.616,3286.189,10620.4,36427.32
"Mumbai","India",2011,"DIRECT COMPARATORS",7250.956,0.152439071482436,0.3416057137845,0.118244421838996,0.233026789846746,0.011824741454782,0.142859231251714,190242.5,0.00309671813606318,0.115938972627042,0.35858643573334,0.104138192044364,0.0815746218641996,6.87103717861813,13.0537673991384,79.5656234287253,27.5410824847152,57.9447748136528,14.9816288979463,63387.19,11.4216024396715,9.99416874394219,19035.35,7250.956,1105.329,2476.968,857.3851,1689.667,85.74068,1035.866,190242.5,589.1274,22056.52,68218.38,64048.04,19811.51,15518.96,63387.19,217414.2
"Mumbai","India",2012,"DIRECT COMPARATORS",7308.086,0.153609303448263,0.344338175549658,0.122150628769284,0.225586015271304,0.0109967315655563,0.143319057821706,202423.2,0.0030033098972845,0.120661317477443,0.372705450758609,0.104380031537887,0.0808231961553814,7.56472526742343,14.8153708414766,84.5136141177319,29.980385089648,57.4180422059701,15.6202763445829,67464.54,12.057059161599,10.5472642000499,19192.01,7308.086,1122.59,2516.453,892.6873,1648.602,80.36506,1047.388,202423.2,607.9396,24424.65,75444.23,64456.92,21128.94,16360.49,67464.54,231399.2
"Mumbai","India",2013,"DIRECT COMPARATORS",7365.384,0.153714456707213,0.338744456500842,0.128108228980322,0.223561731472521,0.0109397161098457,0.144931343701835,214863,0.00330123380945067,0.112090215625771,0.394359801361798,0.102202985157984,0.0799996276697244,8.80311698846332,14.6263674999302,89.8011406299695,33.961485909924,58.4611178926059,16.1024473641069,71438.43,12.6653403258271,11.1060628145924,19346.46,7365.384,1132.166,2494.983,943.5663,1646.618,80.57521,1067.475,214863,709.313,24084.04,84733.33,66187.69,21959.64,17188.96,71438.43,245029.5
"Mumbai","India",2014,"DIRECT COMPARATORS",7386.36,0.153623706399363,0.333585554995966,0.134116425411163,0.221418669006114,0.0106935648952935,0.146562176769072,233919.7,0.00300121836681562,0.106273306609063,0.409914385150118,0.102526080531054,0.0769686777129075,8.88815078826108,15.2000944066505,96.7937949119764,38.9154673550913,62.1156144247039,16.6313861297423,77737.11,13.6736250143591,11.9959804798398,19499.84,7386.36,1134.72,2463.983,990.6322,1635.478,78.98652,1082.561,233919.7,702.0441,24859.42,95887.05,70483.83,23982.87,18004.49,77737.11,266633.5
"Mumbai","India",2015,"DIRECT COMPARATORS",7407.591,0.153359168992996,0.328581856098697,0.140131521840231,0.219262240585367,0.0104347891237516,0.148230376110128,252207,0.00269293913333095,0.102748337675005,0.425403735820179,0.100028389378566,0.0777085885800156,8.78664340563271,15.954790189662,103.358358131743,44.079622021364,64.6974354369898,17.8489203391528,83799.09,14.6254734152198,12.8333878643892,19652.41,7407.591,1136.022,2434,1038.037,1624.205,77.29665,1098.03,252207,679.1781,25913.85,107289.8,73497.71,25227.86,19598.65,83799.09,287425.8
"Mumbai","India",2016,"DIRECT COMPARATORS",7463.395,0.152933484024362,0.323754939943551,0.146087001960904,0.217170202032721,0.0101820310997877,0.14987227662478,270548.6,0.00264957127850597,0.107870526774117,0.436483130942093,0.0991505407900836,0.0768514788100918,9.4330047220437,18.005758788569,108.309051137067,48.8719788139854,65.6565384881589,18.5883049217026,90192.27,15.6117811280306,13.6534375753832,19815.42,7463.395,1141.403,2416.311,1090.305,1620.827,75.99252,1118.556,270548.6,716.8378,29184.22,118089.9,74940.57,26825.04,20792.06,90192.27,309354
"Mumbai","India",2017,"DIRECT COMPARATORS",7516.428,0.152235343703153,0.319308320388355,0.152023008801521,0.215040708166166,0.00991133022228111,0.151481395152059,283154,0.00259008172231365,0.112361259244086,0.433064339546678,0.104425436334998,0.0759929225792325,9.84447862889911,19.6837171433203,107.313485083182,51.0920569419572,67.2003188069907,18.8984005782545,94615.43,16.2452050316694,14.1742342442459,19976.67,7516.428,1144.266,2400.058,1142.67,1616.338,74.4978,1138.599,283154,733.392,31815.54,122623.9,76895.04,29568.48,21517.7,94615.43,324525.1
"Mumbai","India",2018,"DIRECT COMPARATORS",7660.753,0.151360969345964,0.315072421731911,0.15790105750701,0.212982457468607,0.00960027689184079,0.153082732206612,300471.8,0.00238445072050023,0.112376868644578,0.430099596700922,0.105437981201564,0.0772702463259447,9.74174709889884,20.6949962184498,106.835664465738,53.5415454830194,70.5950554487602,19.797864638804,100359.5,17.09442413889,14.9215267569822,20136.8,7660.753,1159.539,2413.692,1209.641,1631.606,73.54535,1172.729,300471.8,716.4602,33766.08,129232.8,81857.72,31681.14,23217.53,100359.5,344227
"Mumbai","India",2019,"DIRECT COMPARATORS",7776.78,0.152956236385754,0.313935073385129,0.164007468386659,0.205494947780444,0.00955904886083958,0.154047304925689,310543.2,0.00233027643174927,0.10985376591727,0.439672483570724,0.111464234283668,0.0776253352190613,9.73452964286935,21.3469587738856,107.05029597397,55.9257296211524,67.6308588347946,20.1220208482194,102916.2,17.3917169208939,15.3001064207166,20296.8,7776.78,1189.507,2441.404,1275.45,1598.089,74.33862,1197.992,310543.2,723.6515,34114.34,136537.3,80447.38,34614.46,24106.02,102916.2,352996.2
"Colombo","Sri Lanka",2011,"City",666.87,0.196863256706704,0.339306611483498,0.0714959137463074,0.268701845936989,0.0211252118103978,0.10250717531153,29735.59,0.00317161858903758,0.255096636723872,0.148932911706141,0.133423685220303,0.168925149963394,6.69445554548378,42.3320657718211,92.8848402885327,19.5719337756891,65.7872963737658,73.4810623216035,9877.81,13.0978343810651,12.8191975044124,2319.614,666.87,131.2822,226.2734,47.67848,179.1892,14.08777,68.35896,29735.59,94.30995,7585.449,4428.608,8636.701,3967.432,5023.089,9877.81,30381.92
"Colombo","Sri Lanka",2012,"City",681.4343,0.186690485054832,0.349475510698537,0.0679075150751877,0.274521989867548,0.0188855183837972,0.10251893689531,31248.72,0.00313750451218482,0.248295546185572,0.162691143829251,0.124740117355207,0.159114677337184,7.61839860007273,41.4763025562267,109.863724110747,21.3479121508529,74.1862545424246,71.1728556230812,10814.68,14.2735013761362,13.4089471592894,2330.438,681.4343,127.2173,238.1446,46.27451,187.0687,12.86924,69.85992,31248.72,98.043,7758.918,5083.89,9437.775,3897.969,4972.13,10814.68,33263.51
"Colombo","Sri Lanka",2013,"City",696.7237,0.17121019422764,0.359820973507863,0.0725082267188557,0.271818799905902,0.0189296273400776,0.105712221358338,32476.33,0.00311586931158785,0.249428922541432,0.170384584711388,0.113513565110343,0.160928928853722,7.67261720621865,42.7733910084665,109.534108499511,22.0724320072375,82.3922213969428,70.9602739686969,11239.53,14.8911515719583,13.989186446358,2321.531,696.7237,119.2862,250.6958,50.5182,189.3826,13.18872,73.65221,32476.33,101.192,8100.536,5533.466,9828.255,3686.504,5226.381,11239.53,34570.27
"Colombo","Sri Lanka",2014,"City",694.6454,0.17047618828254,0.363349847274595,0.0748686596067576,0.267300841551675,0.0191770938093018,0.104827311891794,33986.58,0.00311307580815722,0.246160337403763,0.173912791460629,0.113678016440607,0.160065590594876,7.94238992048812,45.056977272103,113.651656108187,23.4180562307423,86.9808859108009,74.708124289923,11762.21,15.6474972924531,14.6997218060462,2312.056,694.6454,118.4205,252.3993,52.00717,185.6793,13.32128,72.81781,33986.58,105.8028,8366.148,5910.701,10300.32,3863.527,5440.082,11762.21,36177.89
"Colombo","Sri Lanka",2015,"City",698.8656,0.167361936257844,0.358438160355868,0.0803722203525256,0.268880454267602,0.0198074994677088,0.105139657753937,35636.91,0.00311008726626411,0.24526615803671,0.183793123477877,0.112095380884594,0.160450779823503,8.00662150232829,46.5141159685447,116.608354943565,26.1469715980153,89.9684089480907,77.8182839631027,12333.36,16.4794273347067,15.4812640479457,2301.938,698.8656,116.9635,250.5001,56.16938,187.9113,13.84278,73.47849,35636.91,110.8339,8740.528,6549.819,10523.02,3994.733,5717.97,12333.36,37934.62
"Colombo","Sri Lanka",2016,"City",721.2045,0.167256582564307,0.361691586782944,0.0852709876324954,0.262656292355358,0.018694198386172,0.104430421607186,37412.97,0.00285149508312224,0.23777045767818,0.189829195597142,0.111423391406777,0.160694753717762,7.91278813618407,46.9606221648334,115.48497166241,27.2262832485348,92.2499423839929,79.8249076653218,12948.02,17.357831033859,16.3064595214798,2294.365,721.2045,120.6262,260.8536,61.49782,189.4289,13.48234,75.31569,37412.97,106.6829,8895.699,7102.074,11127.76,4168.68,6012.068,12948.02,39825.2
"Colombo","Sri Lanka",2017,"City",745.6592,0.159912061703255,0.363839271345408,0.0906012559088656,0.264229154552106,0.0185476823728588,0.102870480240839,38849.05,0.00274070022304278,0.237009321978272,0.195983479647507,0.105836667820706,0.159687045114359,7.69860270060194,46.7331134288103,112.700351077879,28.0640220921408,97.3321849481591,80.8758652481308,13445.03,18.0893094993865,16.9936288736907,2286.095,745.6592,119.2399,271.3001,67.55766,197.0249,13.83025,76.70632,38849.05,106.4736,9207.587,7613.772,11605.88,4111.654,6203.69,13445.03,41353.88
"Colombo","Sri Lanka",2018,"City",717.8185,0.157203805697401,0.355523297323766,0.098843704919837,0.267762115353672,0.0194311514679546,0.101235953099565,40280.68,0.00277319548726586,0.237486060314771,0.20722390982476,0.103136491240962,0.158330817652532,8.0087381452878,49.7704009165233,117.644870097802,32.7079966708621,103.892903287553,87.763275804937,13940.49,18.8344408503341,17.6936295223855,2276.564,717.8185,112.8438,255.2012,70.95184,192.2046,13.94804,72.66904,40280.68,111.7062,9566.1,8347.12,11723.67,4154.408,6377.673,13940.49,42877.81
"Colombo","Sri Lanka",2019,"City",729.3737,0.157666227888392,0.355587951690608,0.10070119062423,0.266480406408951,0.0196022285969456,0.099962186736374,41142.39,0.0027242607928222,0.235756308760867,0.206327245451711,0.103414750577203,0.158946502621749,7.8393968112972,49.9042414276733,115.574332051715,32.7302226857626,104.765403799731,89.6921935997895,14238.72,19.3175252975475,18.147448940659,2267.117,729.3737,114.9976,259.3565,73.4488,194.3638,14.29735,72.90979,41142.39,112.0826,9699.578,8488.796,12047.77,4254.73,6539.439,14238.72,43795.09
"Kuala Lumpur","Malaysia",2011,"ASPIRATIONAL COMPARATORS",3153.412,0.142664326767324,0.311464724558669,0.149125804049709,0.290659292220617,0.0141963213179883,0.0918894200948052,199165,0.0119356362814752,0.333547611277082,0.195171541184445,0.0828379484347149,0.115895915446991,53.100921775823,72.4779544573046,82.6601136276884,39.5767319237701,115.37452037146,79.6590135737487,81780.27,31.3789489130985,30.6677238009346,6494.287,3153.412,449.8794,982.1766,470.2551,916.5685,44.76685,289.7652,199165,2377.161,66431.01,38871.34,51904.62,16498.42,23082.41,81780.27,203783.9
"Kuala Lumpur","Malaysia",2012,"ASPIRATIONAL COMPARATORS",3240.919,0.140244973725045,0.310580116318859,0.157628900938283,0.284310592149943,0.0152684932884777,0.0919670007180062,212582.9,0.0118196242501161,0.328526988765324,0.196447362417203,0.084478902113011,0.117733740578381,50.7770701409245,75.7945822330479,81.7467518167804,41.4889748799134,122.068099584047,83.9709505813641,87551.12,33.1349112629142,32.2872496264873,6584.113,3240.919,454.5226,1006.565,510.8625,921.4276,49.48395,298.0576,212582.9,2512.65,69839.22,41761.35,55482.71,17958.77,25028.18,87551.12,218164
"Kuala Lumpur","Malaysia",2013,"ASPIRATIONAL COMPARATORS",3451.668,0.149164983422508,0.306826438695726,0.151114765382997,0.298282743299761,0.0158517707960325,0.0787595446607263,226959.5,0.0108078005106638,0.329680581777806,0.193022719912584,0.0845099676373979,0.113829251474382,44.8310473992073,72.6749244589747,83.988703944417,41.3651879066684,118.203403590823,95.032035837173,93024.84,34.5403539033404,33.8185346123689,6711.098,3451.668,514.868,1059.063,521.598,1029.573,54.71505,271.8518,226959.5,2452.933,74824.14,43808.34,60859.15,19180.34,25834.63,93024.84,231803.7
"Kuala Lumpur","Malaysia",2014,"ASPIRATIONAL COMPARATORS",3508.356,0.146020358253267,0.299775450381888,0.165951687913085,0.291971795336619,0.0118501628683064,0.0844307419201472,243493.9,0.0094716171534482,0.332841110187976,0.188173584636001,0.0840924557042291,0.115562853935971,55.4733311861885,79.1189457417013,78.6975866067944,43.5659334860357,128.264655623733,94.99529224062,99964,36.5294426471839,35.7080489571815,6819.02,3508.356,512.2914,1051.719,582.2176,1024.341,41.57459,296.2131,243493.9,2306.281,81044.78,45819.12,65708.88,20476,28138.85,99964,249095
"Kuala Lumpur","Malaysia",2015,"ASPIRATIONAL COMPARATORS",3563.366,0.145294140427899,0.293727054700528,0.164426612365948,0.303162796075396,0.0131180434454389,0.0802712940517477,256646.7,0.00871659366748141,0.336795213030208,0.181527329203921,0.0834162293923904,0.120681115323127,47.8578285009174,80.0138667752805,79.5142855874993,44.5116117314459,133.278105722567,108.281510019718,105505.9,37.9378724455517,37.0348398931467,6929.872,3563.366,517.7362,1046.657,585.9122,1080.28,46.74439,286.036,256646.7,2237.085,86437.38,46588.39,69002.9,21408.5,30972.41,105505.9,262904.6
"Kuala Lumpur","Malaysia",2016,"ASPIRATIONAL COMPARATORS",3631.402,0.144772156869441,0.296922235544288,0.164716106892049,0.299584568164031,0.0114447780774478,0.0825601516989857,270386.3,0.00786026880799804,0.339732153589143,0.180242748985433,0.0830834994228628,0.123485213562965,51.13760415817,84.4359837928068,81.4764480638983,45.1986470594782,136.598881660576,111.366566258329,111131,39.1787248581843,38.254155433773,7068.155,3631.402,525.7259,1078.244,598.1504,1087.912,41.56059,299.8091,270386.3,2125.309,91858.92,48735.17,71813.57,22464.64,33388.71,111131,276921.3
"Kuala Lumpur","Malaysia",2017,"ASPIRATIONAL COMPARATORS",3761.403,0.144609232246585,0.292039433158319,0.162341073264418,0.304062074709889,0.0148891410997439,0.0820593007449614,290151.3,0.00817055101941642,0.339407267863353,0.180015702152636,0.0813825407640772,0.125696524537371,42.3307881607155,86.1060243070735,85.5375151769434,47.5492363069629,141.534058568914,118.159899254223,119333,41.5372408894427,40.5303494338837,7158.865,3761.403,543.9336,1098.478,610.6302,1143.7,56.00406,308.6581,290151.3,2370.696,98479.46,52231.79,76985.13,23613.25,36471.01,119333,297359.5
"Kuala Lumpur","Malaysia",2018,"ASPIRATIONAL COMPARATORS",3830.44,0.131378640573929,0.295463706519355,0.16548884723426,0.302206796086089,0.0189412965612306,0.0865208957717651,310855.1,0.00800652136638582,0.343378956948109,0.179520972954923,0.0796652202264013,0.127684152519936,34.3038998807776,92.2101616727929,88.0350865624297,49.3083403136365,161.681848350085,119.763732936326,127448.6,43.7482074782149,42.8214823249431,7259.326,3830.44,503.238,1131.756,633.8951,1157.585,72.5535,331.4131,310855.1,2488.868,106741.1,55805.01,81364.45,24764.34,39691.27,127448.6,317582.5
"Kuala Lumpur","Malaysia",2019,"ASPIRATIONAL COMPARATORS",3865.207,0.132050676716667,0.282231714886163,0.165994447386647,0.317507186549129,0.0165650972897441,0.0856508073176935,330529.2,0.00783850261943574,0.347378991024091,0.178379671145545,0.0779321463882767,0.126392312691284,40.4646876117195,93.5593217576805,91.8943633203653,54.0476255953887,169.717823085749,126.190387729525,135618.9,45.9656348862746,44.9574261542599,7352.049,3865.207,510.4032,1090.884,641.6029,1227.231,64.02753,331.0581,330529.2,2590.854,114818.9,58959.69,86624.52,25758.85,41776.35,135618.9,337941.6
"Singapore","Singapore",2011,"ASPIRATIONAL COMPARATORS",3178.15,0.16733325991536,0.294971477117191,0.193700140018564,0.246791057690795,0,0.0972040967229363,370494.6,0,0.238466930422198,0.26547566415273,0.0742673712383392,0.120547694892179,NA,112.643525312397,159.772589087116,104.918526970007,209.865474562165,144.571215670128,262732,79.2294019238812,71.4731673665545,5183.688,3178.15,531.8102,937.4636,615.6081,784.339,0,308.9292,370494.6,0,88350.71,98357.3,111608.6,27515.66,44662.27,262732,410700.5
"Singapore","Singapore",2012,"ASPIRATIONAL COMPARATORS",3303.575,0.166461061123177,0.297217347873137,0.194915962253014,0.244749824054244,0,0.0966558046964274,386548.8,0,0.24189116613478,0.267627528529386,0.0733554469707318,0.12239083396456,NA,115.642581640652,160.65843634181,105.360248779942,207.175960863884,148.163460114115,274454.1,80.75849181835,72.7629899422807,5312.437,3303.575,549.9166,981.8798,643.9195,808.5494,0,319.3097,386548.8,0,93502.74,103451.1,113929.5,28355.46,47310.03,274454.1,429024.4
"Singapore","Singapore",2013,"ASPIRATIONAL COMPARATORS",3438.45,0.164801029533656,0.298746528232198,0.196309354505664,0.242700955372333,0,0.0974421614390205,406945.4,0,0.241506673868288,0.280720214554582,0.0710296270703637,0.121576825785474,NA,117.769025389714,169.241210257957,111.210104894254,204.791726115885,147.664915684226,287730.2,83.3050758617726,75.3719558701887,5399.162,3438.45,566.6601,1027.225,674.9999,834.5151,0,335.05,406945.4,0,98280.03,114237.8,116047.3,28905.18,49475.13,287730.2,449777.6
"Singapore","Singapore",2014,"ASPIRATIONAL COMPARATORS",3569.75,0.165394943623503,0.294439666643322,0.199796932558302,0.242721283003011,0,0.097647062119196,423778.8,0,0.24014556650781,0.284303273311454,0.0704664320159479,0.121050581105048,NA,117.454088461446,168.925210287748,114.627010796555,203.868238568365,147.166554400251,299061,85.4686269362037,77.4771816640108,5469.724,3569.75,590.4186,1051.076,713.2251,866.4543,0,348.5756,423778.8,0,101768.6,120481.7,120367.6,29862.18,51298.67,299061,467489.8
"Singapore","Singapore",2015,"ASPIRATIONAL COMPARATORS",3635.4,0.168059993398251,0.287301809979645,0.203687022060846,0.24192011883149,0,0.0990311382516367,433300.7,0,0.24228763073773,0.296511868086066,0.070791646540151,0.120166434072227,NA,119.370343536222,173.506564221932,123.01013828238,191.657856837369,144.626737900182,307998.5,86.9847562837376,78.2837476842827,5535.002,3635.4,610.9653,1044.457,740.4838,879.4764,0,360.0178,433300.7,0,104983.4,128478.8,117096.3,30674.07,52068.2,307998.5,481460.8
"Singapore","Singapore",2016,"ASPIRATIONAL COMPARATORS",3671.575,0.171456554748303,0.280525387606136,0.20565365000034,0.242294955162294,0,0.100069425246658,444394.1,0,0.239964256951206,0.297241345013356,0.0715933897412229,0.120790420034829,NA,119.872086920463,174.939820372287,128.248686854957,190.890900876801,146.098906841468,317988.4,88.8569843744945,79.4394581599296,5594.123,3671.575,629.5156,1029.97,755.0728,889.6041,0,367.4124,444394.1,0,106638.7,132092.3,120168.8,31815.68,53678.55,317988.4,497076.9
"Singapore","Singapore",2017,"ASPIRATIONAL COMPARATORS",3662.75,0.176840461401952,0.268404341000614,0.205270438877892,0.245692580711214,0,0.103792150706436,463524.6,0,0.234128026862005,0.295808248364812,0.0707301403204922,0.122548145233284,NA,120.594325769063,182.368312583967,139.471751544607,198.073897089247,149.419659426559,331778.3,92.4925173421285,82.6645056737656,5607.299,3662.75,647.7224,983.098,751.8543,899.9105,0,380.1647,463524.6,0,108524.1,137114.4,128296.9,32785.16,56804.08,331778.3,518633.2
"Singapore","Singapore",2018,"ASPIRATIONAL COMPARATORS",3691.5,0.179469321414059,0.260026249492076,0.206979466341596,0.246137775971827,0,0.107387159691182,480936.1,0,0.231775905364559,0.298041257456032,0.0696871164381297,0.120847052238333,NA,122.680212225693,187.600343269359,149.328842804293,203.005082179768,146.611558406406,343185.2,95.12555988609,85.2793135610351,5639.54,3691.5,662.511,959.8869,764.0647,908.6176,0,396.4197,480936.1,0,111469.4,143338.8,134493.1,33515.05,58119.71,343185.2,536464.4
"Singapore","Singapore",2019,"ASPIRATIONAL COMPARATORS",3752.75,0.18084921724069,0.256238598361202,0.209320951302378,0.244880527613084,0,0.108710705482646,484432.2,0,0.227027641845443,0.303704625745357,0.0709626651572707,0.122527796459443,NA,119.676217665892,187.293228564896,152.999575498903,196.845385150245,145.494199121933,345718.8,95.0372912735905,85.1906048253999,5686.451,3752.75,678.6819,961.5994,785.5292,918.9754,0,407.9641,484432.2,0,109979.5,147124.3,133595.4,34376.6,59356.41,345718.8,540424.9
"Bangkok","Thailand",2011,"ASPIRATIONAL COMPARATORS",9533.003,0.0802006461132971,0.307242429274385,0.0855573002547046,0.380666721703539,0.0531199140501687,0.0932130305634017,420875.3,0.0114931667408375,0.277631165335671,0.175892693156381,0.119694764696336,0.113532012926394,9.5522581998186,32.1993432164098,90.7641690104927,25.2749507245447,166.112486642522,53.7731427219061,156430,28.0024074623405,27.8057473869058,15136.27,9533.003,764.553,2928.943,815.618,3628.897,506.3923,888.6001,420875.3,4837.19,116848.1,74028.89,127001.8,50376.57,47782.82,156430,423852
"Bangkok","Thailand",2012,"ASPIRATIONAL COMPARATORS",9587.983,0.0853898677125314,0.322154200732313,0.0915814932087385,0.358738537604833,0.0473393726292589,0.0947965906906593,449027.8,0.0106730785933521,0.285433774924403,0.186931120968457,0.102725510536319,0.115426015939325,10.558766447575,37.2626126627706,95.591629390337,27.1746391570343,163.883693087449,57.0239059372449,167183,29.4622122234428,29.2046612696672,15375.21,9587.983,818.7166,3088.809,878.0818,3439.579,453.8891,908.9081,449027.8,4792.509,128167.7,83937.27,134174.3,46126.61,51829.49,167183,452987.7
"Bangkok","Thailand",2013,"ASPIRATIONAL COMPARATORS",9614.393,0.081993787855354,0.310756071652157,0.0954493226977512,0.362635581882288,0.0498399430936514,0.0993254280327422,467982.6,0.0105902398935345,0.279866815561091,0.190520480889674,0.109148844422848,0.120714017999815,10.3427516294476,37.5654699914327,97.1575720836498,29.8421343822453,171.658100988113,59.1568575523609,173909.5,30.1818159691375,29.9748854923206,15612.49,9614.393,788.3205,2987.731,917.6873,3486.521,479.1808,954.9537,467982.6,4956.048,130972.8,89160.27,135321.6,51079.76,56492.06,173909.5,471213.3
"Bangkok","Thailand",2014,"ASPIRATIONAL COMPARATORS",9355.729,0.0867859575667487,0.319201849476401,0.0887255178083931,0.358468484925119,0.049165447182149,0.0976527751071028,485207.5,0.00963252422932457,0.269576624433876,0.194296522621765,0.122631554541098,0.119813626129027,10.1608487873131,39.0014831229907,113.570714278744,31.5681768410168,169.743944762822,63.6314023149192,179475.6,30.6867844089496,30.6181785368119,15847.04,9355.729,811.9459,2986.366,830.0919,3353.734,459.9786,913.6129,485207.5,4673.773,130800.6,94274.13,137822.9,59501.75,58134.47,179475.6,486294.7
"Bangkok","Thailand",2015,"ASPIRATIONAL COMPARATORS",9429.605,0.0901110597951876,0.315147983399093,0.09919316874885,0.351299444674512,0.0453277735387644,0.0989207289170649,505363.3,0.00826551512545529,0.274426536315558,0.196249134038819,0.121270895611138,0.122322139340154,9.77272631561708,41.865746547667,106.031812181163,33.3736276050141,165.021853882911,66.2716767901316,186513.1,31.4319300510884,31.4319362707597,16078.02,9429.605,849.7117,2971.721,935.3524,3312.615,427.423,932.7834,505363.3,4177.088,138685.1,99177.11,140221,61285.86,61817.12,186513.1,505363.2
"Bangkok","Thailand",2016,"ASPIRATIONAL COMPARATORS",9297.143,0.0893018425122643,0.305484813990707,0.102947475369584,0.365023319529451,0.0403030586923316,0.0969396082215795,523370.8,0.00728198630875089,0.282060443570792,0.196605542380278,0.119167863396277,0.124311807231126,10.1711914466726,43.4992282700106,107.50781461083,36.2298143469186,170.5623112019,72.1890119781009,193060.7,32.0509183550303,32.0672653625415,16321.03,9297.143,830.252,2840.136,957.1174,3393.674,374.7033,901.2614,523370.8,3811.179,147622.2,102897.6,141609.7,62368.98,65061.17,193060.7,523104
"Bangkok","Thailand",2017,"ASPIRATIONAL COMPARATORS",9256.135,0.0906973266919724,0.294963826694403,0.103943514220568,0.377599829734549,0.0313802575264946,0.101415374775757,546806.3,0.00605632195532495,0.291455127711586,0.199810792231179,0.116117681892107,0.126274770426017,11.4013500658783,45.5977843361377,113.559997804837,40.0178739847449,169.534918542044,73.5557481593976,201787.9,32.864823113243,32.8681651924851,16636.35,9256.135,839.5067,2730.225,962.1152,3495.115,290.4599,938.7144,546806.3,3311.635,159369.5,109257.8,142325.7,63493.88,69047.84,201787.9,546750.7
"Bangkok","Thailand",2018,"ASPIRATIONAL COMPARATORS",9402.319,0.0894682471420083,0.298962202835279,0.099734193234669,0.379252501430764,0.031763919092726,0.10081903198562,573911.1,0.00594518210224545,0.300311668479665,0.197146735792355,0.114052646829796,0.126115874043907,11.4245926312846,48.3340732217509,120.657731142361,40.2515815005525,174.946773037378,76.3548931269066,211615.2,34.0354316920429,34.0670821832428,16846.5,9402.319,841.209,2810.938,937.7327,3565.853,298.6545,947.9327,573911.1,3412.006,172352.2,113144.7,147166.8,65456.08,72379.3,211615.2,573377.9
"Bangkok","Thailand",2019,"ASPIRATIONAL COMPARATORS",9449.91,0.088035081815594,0.300138731479982,0.103980355368464,0.375413204993487,0.0309889723817476,0.101443706871282,591690.1,0.00572913591084252,0.307581958866643,0.195943450803047,0.11360930324844,0.129941738082148,11.5757351208668,51.3000684120429,117.99024022878,40.8766541009292,175.812418351878,80.2029220957031,218056.8,34.6916729199915,34.7420694336308,17030.94,9449.91,831.9236,2836.284,982.605,3547.621,292.843,958.6339,591690.1,3389.873,181993.2,115937.8,146262.5,67221.5,76885.24,218056.8,590831.8
"Ho Chi Minh City","Vietnam",2011,"DIRECT COMPARATORS",3873.675,0.101999987092361,0.346999941915623,0.0700000129076394,0.367999896738885,0.028,0.0850000064538197,75431.8,0.139784812240991,0.165760594338197,0.156375958150276,0.0834248552997542,0.0845907561532404,97.2149924075421,8.77131865603376,43.5013919964537,8.77550003161814,70.6491379214345,19.3791729635695,29756.56,11.8222517437119,9.94528181933007,7584.682,3873.675,395.1148,1344.165,271.1573,1425.512,108.4629,329.2624,75431.8,10544.22,12503.62,11795.72,27914.52,6292.887,6380.833,29756.56,89668.02
"Ho Chi Minh City","Vietnam",2012,"DIRECT COMPARATORS",3966.275,0.096,0.341999987393713,0.0770000063031434,0.371999924362279,0.028,0.0850000063031434,82618.91,0.135623188444389,0.17191512209493,0.146858872865788,0.0882134973700331,0.0841681765106802,100.895676673957,9.62648784713044,39.7288568030721,8.94480215501163,80.9825497475591,20.6265027434244,32706.45,12.7237565066512,10.6661197120549,7745.92,3966.275,380.7624,1356.466,305.4032,1475.454,111.0557,337.1334,82618.91,11205.04,14203.44,12133.32,30835.11,7288.103,6953.883,32706.45,98557.2
"Ho Chi Minh City","Vietnam",2013,"DIRECT COMPARATORS",4011.575,0.102102092071069,0.330330356530789,0.0740740731508198,0.378378317743031,0.0260260371549828,0.089089098421443,89203.87,0.132593686798566,0.179202090671627,0.142845259964618,0.0914262015762321,0.0836393421047764,113.287914226659,10.5313879173301,42.8813438971145,9.61581562772376,80.6454841937136,20.8763622464797,35388.41,13.4874761589169,11.2823176315244,7906.52,4011.575,409.5902,1325.145,297.1537,1517.893,104.4054,357.3876,89203.87,11827.87,15985.52,12742.35,33031.6,8155.571,7460.953,35388.41,106639
"Ho Chi Minh City","Vietnam",2014,"DIRECT COMPARATORS",4080.325,0.102897097657662,0.328671368089552,0.0779220772855104,0.372627425511448,0.0259740339311207,0.0919080955561138,94762.03,0.131943353260794,0.183186240311652,0.142570077909897,0.0905520913809044,0.0825057884471238,117.974382563159,11.4171480511246,42.4920285556667,10.0740966649417,83.3389781581008,20.8482809616365,37608.26,14.0456694144959,11.7446156069411,8068.551,4080.325,419.8536,1341.086,317.9474,1520.441,105.9825,375.0149,94762.03,12503.22,17359.1,13510.23,34990.17,8580.9,7818.416,37608.26,113328.2
"Ho Chi Minh City","Vietnam",2015,"DIRECT COMPARATORS",4267.675,0.100563890174392,0.33678806375837,0.076062352451862,0.372130258278805,0.023704897865934,0.0907504906067121,102296.5,0.126187601726354,0.18425488653082,0.138391733832536,0.0901629870034654,0.0813378561338853,127.599224236098,11.8684352865097,43.6123846074698,9.84969755834195,90.4956730836444,21.4839026516317,40853.7,14.9882646227135,12.4544872142949,8213.626,4267.675,429.174,1437.302,324.6094,1588.131,101.1648,387.2936,102296.5,12908.55,18848.63,14156.99,38838.39,9223.358,8320.578,40853.7,123108
"Ho Chi Minh City","Vietnam",2016,"DIRECT COMPARATORS",4376.473,0.10063043916871,0.343572324106649,0.0767278811042591,0.367716880693654,0.0223427495154203,0.089009643153288,111070.6,0.118890417446201,0.184482932477181,0.135300610602626,0.0896783667325107,0.0805259897758723,135.047049347511,12.7326115715934,44.7529240092615,9.99439358620942,98.6409370980985,22.9601053322528,44710.28,16.0932877324955,13.2672684983449,8371.776,4376.473,440.4064,1503.635,335.7975,1609.303,97.78244,389.5483,111070.6,13205.23,20490.63,15027.92,43442.1,9960.63,8944.07,44710.28,134729.4
"Ho Chi Minh City","Vietnam",2017,"DIRECT COMPARATORS",4503.937,0.101011537239531,0.339689254090366,0.081149980561451,0.363936040846042,0.0210387845123056,0.0931741496384164,122024.4,0.112204854111145,0.183329317743009,0.132036625461793,0.0883978941916535,0.0796386214560367,144.492522797174,13.647755384667,44.0819065900873,10.5309362007243,108.46427824093,23.1570199487431,49483.92,17.4259496880924,14.2601513143594,8557.02,4503.937,454.9496,1529.939,365.4944,1639.145,94.75736,419.6505,122024.4,13691.73,22370.65,16111.69,49345.78,10786.7,9717.855,49483.92,149114.2
"Ho Chi Minh City","Vietnam",2018,"DIRECT COMPARATORS",4728.573,0.100886187016675,0.335020946065547,0.0860152735296674,0.367905285590388,0.0190479707091336,0.0911243836142532,133779.6,0.10690486441879,0.182134196843166,0.130057721805118,0.0866416105295576,0.0790139154250723,158.784661482238,14.0060367875001,42.7779888107452,10.9830756906925,116.448816334299,24.5317638005024,54571.59,18.8133144184237,15.3050143577892,8740.9,4728.573,477.0477,1584.171,406.7295,1739.667,90.06972,430.8883,133779.6,14301.69,24365.84,17399.07,55551.64,11590.88,10570.45,54571.59,164445.3
"Ho Chi Minh City","Vietnam",2019,"DIRECT COMPARATORS",5072.296,0.0916907057474564,0.358581596973047,0.0892092062450614,0.348818956937844,0.0162327711158812,0.0954670429328257,146185.2,0.100652323217398,0.182186432005429,0.129904258433822,0.0851629303103187,0.0794320492088118,178.702223120423,15.0527125500123,41.9674449801158,10.440810366213,132.851597910392,23.9795546437892,60025.44,20.2604763006733,16.3743001854224,8927.722,5072.296,465.0824,1818.832,452.4955,1769.313,82.33742,484.2371,146185.2,14713.88,26632.96,18990.08,61786.94,12449.56,11611.79,60025.44,180879.9
