"Location","Country","category_var","variable","2011","2012","2013","2014","2015","2016","2017","2018","2019"
"Chittagong","Bangladesh","DIRECT COMPARATORS","Total_Employment",1051.296,1083.023,1135.414,1164.045,1199.709,1242.404,1293.589,1347.273,1398.676
"Chittagong","Bangladesh","DIRECT COMPARATORS","Public_Services_Emp_Pct",0.241684359114845,0.246299570738572,0.246824594377029,0.248848455171407,0.252834895795564,0.260300272697126,0.265676888099698,0.266486153882695,0.267166305849246
"Chittagong","Bangladesh","DIRECT COMPARATORS","Industry_Emp_Pct",0.265265253553709,0.262168670471449,0.267260928612823,0.26897009995318,0.272641698945328,0.276959829491856,0.279662087417255,0.286830286066744,0.290168201928109
"Chittagong","Bangladesh","DIRECT COMPARATORS","Financial_Busines_Serices_Emp_Pct",0.0139996157124159,0.0135172106224891,0.0132802220159343,0.0128721140505736,0.0124806432226482,0.0120297584360643,0.011705425757331,0.0113596056626979,0.0111302045648885
"Chittagong","Bangladesh","DIRECT COMPARATORS","Consumer_services_Emp_Pct",0.291186497427937,0.289526168880993,0.285557778924692,0.283080035565635,0.278312407425467,0.271248724247507,0.266323538620072,0.26151514949086,0.257820824837203
"Chittagong","Bangladesh","DIRECT COMPARATORS","Agriculture_Emp_Pct",0.0337241937570389,0.0327265164267056,0.0308459469409396,0.0297238337005872,0.0282417402886867,0.0264622860196844,0.0248966325471228,0.0236909594417761,0.0227862492814633
"Chittagong","Bangladesh","DIRECT COMPARATORS","Transport_Information_Communic_Services_Emp_Pct",0.154140318235778,0.15576225066319,0.156230502706502,0.156505805187944,0.155488622657661,0.152999024471911,0.151735752236607,0.150117904834432,0.150928234987946
"Chittagong","Bangladesh","DIRECT COMPARATORS","Total_GVA",19372.47,20703.65,22107.39,23562.46,25249.51,27238.38,29422.36,31921.39,34719.95
"Chittagong","Bangladesh","DIRECT COMPARATORS","Agriculture_GVA_Pct",0.00551473818258591,0.00524717139248393,0.00501430517125721,0.00488929424177272,0.00469597627835154,0.00445892156581999,0.00423576830682515,0.00405745489153198,0.00392391118074767
"Chittagong","Bangladesh","DIRECT COMPARATORS","Consumer_services_GVA_Pct",0.313463280624515,0.309069705100308,0.305654805926887,0.303672282096182,0.299771005457136,0.294382411876184,0.290375313197174,0.285647022263128,0.281766361990729
"Chittagong","Bangladesh","DIRECT COMPARATORS","Financial_business_services_GVA_Pct",0.201437142501705,0.199410345518785,0.196579514813825,0.193409219580638,0.189909467550063,0.185497669097795,0.182113365481219,0.177677726439857,0.174744203260661
"Chittagong","Bangladesh","DIRECT COMPARATORS","Public_services_GVA_Pct",0.0745133687134372,0.0750414057424657,0.0752905250235329,0.0760490203484696,0.0775865353426661,0.0804613563655401,0.0824685375340387,0.0828384039667446,0.08307848945635
"Chittagong","Bangladesh","DIRECT COMPARATORS","Transport_Information_Communic_Services_GVA_Pct",0.1404951459468,0.143904625512893,0.144277818412757,0.144586431128159,0.144049013228376,0.142741859097347,0.142162321445323,0.140864636533685,0.141686177543458
"Chittagong","Bangladesh","DIRECT COMPARATORS","Agriculture_Productivity",3.01330649676441,3.06502984885552,3.16516155706035,3.32960114312535,3.49954415148869,3.69420428051958,3.86965973121166,4.05786167699359,4.27472609535189
"Chittagong","Bangladesh","DIRECT COMPARATORS","Consumer_services_Productivity",19.8369741332901,20.4069383075517,20.8410915462441,21.7143469292563,22.66909039069,23.7937332437192,24.798837896487,25.8796880104379,27.1289583863688
"Chittagong","Bangladesh","DIRECT COMPARATORS","Financial_business_services_Productivity",265.14498829304,282.013463620559,288.214715605944,304.143230119089,320.248191094186,338.064823475728,353.863522742357,370.591898194582,389.727991880546
"Chittagong","Bangladesh","DIRECT COMPARATORS","Industry_Productivity",13.9932686035867,14.5403925620926,14.3214177671709,14.5553961071668,14.659912372929,14.6838556681856,14.8111716963201,14.676894420771,14.9490958880753
"Chittagong","Bangladesh","DIRECT COMPARATORS","Public_services_Productivity",20.1726097658313,20.7485789027176,21.5500622484149,22.5638345321655,23.6396076462368,24.6324236289576,25.5671478456352,27.4656769246881,29.2493479030537
"Chittagong","Bangladesh","DIRECT COMPARATORS","Transport_Information_Communic_Services_Productivity",16.7959685795056,17.6612637904942,17.9811293205845,18.7002730269766,19.4979390600784,20.454135115258,21.3097215917572,22.2328773625487,23.3033822407137
"Chittagong","Bangladesh","DIRECT COMPARATORS","Total_GDP",6725.873,7174.823,7651.986,8148.819,8733.663,9416.836,10171.88,11035.84,12003.36
"Chittagong","Bangladesh","DIRECT COMPARATORS","GDP_per_capita_PPP",4.95315654097104,5.18032296145369,5.41583780245557,5.65367078623665,5.94052328682072,6.27652763072241,6.64416053890655,7.06609123302194,7.53041149704779
"Chittagong","Bangladesh","DIRECT COMPARATORS","GVA_per_capita",4.77015088695765,4.99811698360086,5.23169860722415,5.46600861803989,5.74242071041377,6.07029255246246,6.42584563963158,6.83391107910293,7.28297459597472
"Chittagong","Bangladesh","DIRECT COMPARATORS","POPTOTT",4061.186,4142.29,4225.662,4310.725,4397.015,4487.161,4578.753,4671.028,4767.276
"Chittagong","Bangladesh","DIRECT COMPARATORS","EMPTOTT",1051.296,1083.023,1135.414,1164.045,1199.709,1242.404,1293.589,1347.273,1398.676
"Chittagong","Bangladesh","DIRECT COMPARATORS","EMPO_Q",254.0818,266.7481,280.2481,289.6708,303.3283,323.3981,343.6767,359.0296,373.6791
"Chittagong","Bangladesh","DIRECT COMPARATORS","EMPB_F",278.8723,283.9347,303.4518,313.0933,327.0907,344.096,361.7678,386.4387,405.8513
"Chittagong","Bangladesh","DIRECT COMPARATORS","EMPK_N",14.71774,14.63945,15.07855,14.98372,14.97314,14.94582,15.14201,15.30449,15.56755
"Chittagong","Bangladesh","DIRECT COMPARATORS","EMPGIR_U",306.1232,313.5635,324.2263,329.5179,333.8939,337.0005,344.5132,352.3323,360.6078
"Chittagong","Bangladesh","DIRECT COMPARATORS","EMPA",35.45411,35.44357,35.02292,34.59988,33.88187,32.87685,32.20601,31.91819,31.87058
"Chittagong","Bangladesh","DIRECT COMPARATORS","EMPHJ",162.0471,168.6941,177.3863,182.1798,186.5411,190.0866,196.2837,202.2498,211.0997
"Chittagong","Bangladesh","DIRECT COMPARATORS","GVATOTPPPC",19372.47,20703.65,22107.39,23562.46,25249.51,27238.38,29422.36,31921.39,34719.95
"Chittagong","Bangladesh","DIRECT COMPARATORS","GVAAPPPC",106.8341,108.6356,110.8532,115.2038,118.5711,121.4538,124.6263,129.5196,136.238
"Chittagong","Bangladesh","DIRECT COMPARATORS","GVAGIR_UPPPC",6072.558,6398.871,6757.23,7155.266,7569.071,8018.5,8543.527,9118.25,9782.914
"Chittagong","Bangladesh","DIRECT COMPARATORS","GVAK_NPPPC",3902.335,4128.522,4345.86,4557.197,4795.121,5052.656,5358.205,5671.72,6067.11
"Chittagong","Bangladesh","DIRECT COMPARATORS","GVAB_FPPPC",5125.493,5534.644,6039.364,6536.084,7170.562,7966.079,8786.833,9860.991,10929.87
"Chittagong","Bangladesh","DIRECT COMPARATORS","GVAO_QPPPC",1443.508,1553.631,1664.477,1791.902,1959.022,2191.637,2426.419,2644.317,2884.481
"Chittagong","Bangladesh","DIRECT COMPARATORS","GVAHJPPPC",2721.738,2979.351,3189.606,3406.812,3637.167,3888.057,4182.751,4496.595,4919.337
"Chittagong","Bangladesh","DIRECT COMPARATORS","GDPTOTUSC",6725.873,7174.823,7651.986,8148.819,8733.663,9416.836,10171.88,11035.84,12003.36
"Chittagong","Bangladesh","DIRECT COMPARATORS","GDPTOTPPPC",20115.69,21458.4,22885.5,24371.42,26120.57,28163.79,30421.97,33005.91,35899.55
"Qinhuangdao, Hebei","China","ASPIRATIONAL COMPARATORS","Total_Employment",483.3801,497.444,493.7159,503.4846,507.9,516.1503,521.1985,526.004,528.525
"Qinhuangdao, Hebei","China","ASPIRATIONAL COMPARATORS","Public_Services_Emp_Pct",0.285087036061269,0.270229211730366,0.270307680996298,0.273019472690922,0.271277219925182,0.274521200510781,0.303045384819795,0.300231747287093,0.30445466155811
"Qinhuangdao, Hebei","China","ASPIRATIONAL COMPARATORS","Industry_Emp_Pct",0.376135674596451,0.387271934127259,0.390118892261724,0.373769326807612,0.366551289623942,0.358692807114517,0.35115949105763,0.345181975802465,0.340366680857102
"Qinhuangdao, Hebei","China","ASPIRATIONAL COMPARATORS","Financial_Busines_Serices_Emp_Pct",0.0714444802340849,0.0797604956537821,0.0848877461714318,0.0929989517057721,0.0965875172278008,0.102994127873218,0.0993740005007689,0.106528847689371,0.109136899862826
"Qinhuangdao, Hebei","China","ASPIRATIONAL COMPARATORS","Consumer_services_Emp_Pct",0.0592719476867169,0.0622363120270824,0.0600844534275684,0.057837479041067,0.0560365820043316,0.0561914039379615,0.0439903606783212,0.0458039482589486,0.0458195922614824
"Qinhuangdao, Hebei","China","ASPIRATIONAL COMPARATORS","Agriculture_Emp_Pct",0.110843516313559,0.108664492887642,0.104661770058449,0.110905120037435,0.117812974995078,0.118411652574841,0.118906443514323,0.116746317518498,0.112320438957476
"Qinhuangdao, Hebei","China","ASPIRATIONAL COMPARATORS","Transport_Information_Communic_Services_Emp_Pct",0.0972173864832251,0.091837633984931,0.0899394773390932,0.0914696497171909,0.0917344949793266,0.0891886723692692,0.0835242426829701,0.0855072394886731,0.0879015183766142
"Qinhuangdao, Hebei","China","ASPIRATIONAL COMPARATORS","Total_GVA",25198.47,27381.5,29288.18,30747.35,32485.21,34303.94,36871.85,39551.84,42180.93
"Qinhuangdao, Hebei","China","ASPIRATIONAL COMPARATORS","Agriculture_GVA_Pct",0.159675567603906,0.151376659423333,0.147835406638446,0.145924510567577,0.142053968559846,0.140116703795541,0.134145886360462,0.129825211671568,0.124528762168117
"Qinhuangdao, Hebei","China","ASPIRATIONAL COMPARATORS","Consumer_services_GVA_Pct",0.0941631773675148,0.0965609261727809,0.0947607533141356,0.0955628371225488,0.0983007651789845,0.102068916864943,0.105469294326159,0.104667646309249,0.104929099476944
"Qinhuangdao, Hebei","China","ASPIRATIONAL COMPARATORS","Financial_business_services_GVA_Pct",0.111940367808045,0.117116155068203,0.122349903612993,0.128609750108546,0.135126846955892,0.140850963475333,0.144082816566025,0.143473527401001,0.143709017321335
"Qinhuangdao, Hebei","China","ASPIRATIONAL COMPARATORS","Public_services_GVA_Pct",0.0793351342363247,0.0720374705549367,0.0733833922080512,0.0729422860831909,0.080033313621799,0.0828834821889264,0.0924708958188971,0.0926518210025122,0.0949827327183161
"Qinhuangdao, Hebei","China","ASPIRATIONAL COMPARATORS","Transport_Information_Communic_Services_GVA_Pct",0.198127624415292,0.198403703230283,0.198574510263185,0.193997206263304,0.183577418769957,0.17310492613968,0.168128206206089,0.174013522506159,0.180355245842138
"Qinhuangdao, Hebei","China","ASPIRATIONAL COMPARATORS","Agriculture_Productivity",75.0954421976295,76.6803873868041,83.7925980169984,80.3522697927005,77.1201230806049,78.64358265728,79.8111816820834,83.6167905599551,88.4833374210972
"Qinhuangdao, Hebei","China","ASPIRATIONAL COMPARATORS","Consumer_services_Productivity",82.8165836442022,85.4025055008095,93.5581576050956,100.902326488619,112.199966410152,120.723395789638,169.613450274798,171.825330613878,182.765972382809
"Qinhuangdao, Hebei","China","ASPIRATIONAL COMPARATORS","Financial_business_services_Productivity",81.677691282195,80.8243090725515,85.5015326733703,84.4534394452021,89.4804390013209,90.8898062375319,102.572558220536,101.270322265172,105.090394541897
"Qinhuangdao, Hebei","China","ASPIRATIONAL COMPARATORS","Industry_Productivity",15.5141365057627,16.6461506358032,18.6046678251515,21.0131778426895,23.5784014085944,26.0978646360526,29.0268260193483,31.2536907842886,33.6967174248147
"Qinhuangdao, Hebei","China","ASPIRATIONAL COMPARATORS","Public_services_Productivity",65.2352012330431,74.2479053204081,79.6853176196956,81.1877687578522,85.092287292144,87.3915093207767,83.0369466174687,89.0019889427196,92.1397982374206
"Qinhuangdao, Hebei","China","ASPIRATIONAL COMPARATORS","Transport_Information_Communic_Services_Productivity",106.239616793583,118.916502203831,130.975001435664,129.520931715159,127.995308202383,128.993417148259,142.403218177779,153.023368532688,163.750644397162
"Qinhuangdao, Hebei","China","ASPIRATIONAL COMPARATORS","Total_GDP",15391.05,16791.64,17967.05,18865.4,19903,20997.67,22530.5,24175.22,25783.46
"Qinhuangdao, Hebei","China","ASPIRATIONAL COMPARATORS","GDP_per_capita_PPP",8.35691949434464,9.06912971542025,9.6300374359648,10.047857725567,10.5704835350774,11.07473986945,11.8220658965904,12.6182559159137,13.3941606071736
"Qinhuangdao, Hebei","China","ASPIRATIONAL COMPARATORS","GVA_per_capita",8.3827245508982,9.06072137657181,9.61781820570078,10.0333985968347,10.5704835350774,11.0850966199186,11.8536096400663,12.6481944463099,13.4252850661797
"Qinhuangdao, Hebei","China","ASPIRATIONAL COMPARATORS","POPTOTT",3006,3022,3045.2,3064.5,3073.2,3094.6,3110.601,3127.074,3141.902
"Qinhuangdao, Hebei","China","ASPIRATIONAL COMPARATORS","EMPTOTT",483.3801,497.444,493.7159,503.4846,507.9,516.1503,521.1985,526.004,528.525
"Qinhuangdao, Hebei","China","ASPIRATIONAL COMPARATORS","EMPO_Q",137.8054,134.4239,133.4552,137.4611,137.7817,141.6942,157.9468,157.9231,160.9119
"Qinhuangdao, Hebei","China","ASPIRATIONAL COMPARATORS","EMPB_F",181.8165,192.6461,192.6079,188.1871,186.1714,185.1394,183.0238,181.5671,179.8923
"Qinhuangdao, Hebei","China","ASPIRATIONAL COMPARATORS","EMPK_N",34.53484,39.67638,41.91043,46.82354,49.0568,53.16045,51.79358,56.0346,57.68158
"Qinhuangdao, Hebei","China","ASPIRATIONAL COMPARATORS","EMPGIR_U",28.65088,30.95908,29.66465,29.12028,28.46098,29.00321,22.92771,24.09306,24.2168
"Qinhuangdao, Hebei","China","ASPIRATIONAL COMPARATORS","EMPA",53.57955,54.0545,51.67318,55.83902,59.83721,61.11821,61.97386,61.40903,59.36416
"Qinhuangdao, Hebei","China","ASPIRATIONAL COMPARATORS","EMPHJ",46.99295,45.68408,44.40455,46.05356,46.59195,46.03476,43.53271,44.97715,46.45815
"Qinhuangdao, Hebei","China","ASPIRATIONAL COMPARATORS","GVATOTPPPC",25198.47,27381.5,29288.18,30747.35,32485.21,34303.94,36871.85,39551.84,42180.93
"Qinhuangdao, Hebei","China","ASPIRATIONAL COMPARATORS","GVAAPPPC",4023.58,4144.92,4329.83,4486.792,4614.653,4806.555,4946.207,5134.826,5252.739
"Qinhuangdao, Hebei","China","ASPIRATIONAL COMPARATORS","GVAGIR_UPPPC",2372.768,2643.983,2775.37,2938.304,3193.321,3501.366,3888.848,4139.798,4426.007
"Qinhuangdao, Hebei","China","ASPIRATIONAL COMPARATORS","GVAK_NPPPC",2820.726,3206.816,3583.406,3954.409,4389.624,4831.743,5312.6,5674.642,6061.78
"Qinhuangdao, Hebei","China","ASPIRATIONAL COMPARATORS","GVAB_FPPPC",8989.763,9980.693,10634.42,11160.16,11724.16,12382.87,13115.42,14055.47,14826.39
"Qinhuangdao, Hebei","China","ASPIRATIONAL COMPARATORS","GVAO_QPPPC",1999.124,1972.494,2149.266,2242.782,2599.899,2843.23,3409.573,3664.55,4006.46
"Qinhuangdao, Hebei","China","ASPIRATIONAL COMPARATORS","GVAHJPPPC",4992.513,5432.591,5815.886,5964.9,5963.551,5938.181,6199.198,6882.555,7607.552
"Qinhuangdao, Hebei","China","ASPIRATIONAL COMPARATORS","GDPTOTUSC",15391.05,16791.64,17967.05,18865.4,19903,20997.67,22530.5,24175.22,25783.46
"Qinhuangdao, Hebei","China","ASPIRATIONAL COMPARATORS","GDPTOTPPPC",25120.9,27406.91,29325.39,30791.66,32485.21,34271.89,36773.73,39458.22,42083.14
"Hangzhou, Zhejiang","China","ASPIRATIONAL COMPARATORS","Total_Employment",4251.597,4490.658,4656.038,4836.112,5040.286,5220.267,5436.585,5612.047,5761.458
"Hangzhou, Zhejiang","China","ASPIRATIONAL COMPARATORS","Public_Services_Emp_Pct",0.146440855048115,0.145720426716976,0.143906149391392,0.144265186579633,0.15258773014071,0.156155231140476,0.156141290902285,0.166462736324197,0.16724297912091
"Hangzhou, Zhejiang","China","ASPIRATIONAL COMPARATORS","Industry_Emp_Pct",0.552220024616632,0.546784235183352,0.536721994107436,0.536319464892459,0.516224079347878,0.505697122388567,0.491811495635587,0.4844521081167,0.478705216630929
"Hangzhou, Zhejiang","China","ASPIRATIONAL COMPARATORS","Financial_Busines_Serices_Emp_Pct",0.101479938009176,0.110705179508215,0.113226416966528,0.113370513337987,0.118946643107157,0.130534913252521,0.138142032176449,0.137388229286034,0.142615931592316
"Hangzhou, Zhejiang","China","ASPIRATIONAL COMPARATORS","Consumer_services_Emp_Pct",0.0793157018409788,0.0758777889565404,0.0845138720946865,0.0833074999090178,0.084103044946259,0.0783868334703953,0.0782676073307049,0.0790917823745952,0.0792055587318349
"Hangzhou, Zhejiang","China","ASPIRATIONAL COMPARATORS","Agriculture_Emp_Pct",0.0583520027885992,0.056284624658569,0.0540167627497886,0.0533477305736509,0.0566100812533257,0.0530450453971032,0.0503806157725852,0.0485622625754916,0.0454233633222702
"Hangzhou, Zhejiang","China","ASPIRATIONAL COMPARATORS","Transport_Information_Communic_Services_Emp_Pct",0.0621915247376456,0.0646277449763487,0.0676146758252403,0.0693897080960904,0.0715285600856777,0.076180758570395,0.0852570317579878,0.0840429525982231,0.08680695060174
"Hangzhou, Zhejiang","China","ASPIRATIONAL COMPARATORS","Total_GVA",185623.3,202639.8,218520.2,236164.7,261094.5,287042,311111.6,332196.1,355103
"Hangzhou, Zhejiang","China","ASPIRATIONAL COMPARATORS","Agriculture_GVA_Pct",0.0374203292366853,0.0351186440176115,0.033021354547543,0.0311237284827072,0.0286510746109167,0.0266043784533274,0.025027758527808,0.0238636726921237,0.0227097771632456
"Hangzhou, Zhejiang","China","ASPIRATIONAL COMPARATORS","Consumer_services_GVA_Pct",0.188700933557371,0.192082453693697,0.207650963160385,0.215949038954594,0.22424133790639,0.229093825990622,0.226244858758079,0.227988438154452,0.228348282047744
"Hangzhou, Zhejiang","China","ASPIRATIONAL COMPARATORS","Financial_business_services_GVA_Pct",0.218210429401912,0.22150688068188,0.213497287664939,0.198356824707503,0.197564981261574,0.199974010771943,0.203570712246024,0.204106249290705,0.206580879350498
"Hangzhou, Zhejiang","China","ASPIRATIONAL COMPARATORS","Public_services_GVA_Pct",0.0510800529890375,0.0513400131662191,0.0490099313473079,0.0513234196304528,0.0579074626236861,0.0614752544923739,0.0611448432009607,0.0665715220618183,0.067836486878455
"Hangzhou, Zhejiang","China","ASPIRATIONAL COMPARATORS","Transport_Information_Communic_Services_GVA_Pct",0.0826444740504021,0.0856709787514595,0.0861173475038006,0.09240733267927,0.0987442094720494,0.108443503041367,0.121551044705501,0.118120110380585,0.120476903884225
"Hangzhou, Zhejiang","China","ASPIRATIONAL COMPARATORS","Agriculture_Productivity",27.9983368885062,28.1554667563451,28.6907171692231,28.4901215369564,26.2174036469924,27.577889222211,28.428144002249,29.0878485853309,30.8145284305064
"Hangzhou, Zhejiang","China","ASPIRATIONAL COMPARATORS","Consumer_services_Productivity",103.871230039642,114.232003643821,115.313730782074,126.586038079409,138.116797364683,160.702634065184,165.419492207559,170.629724953522,177.690425658967
"Hangzhou, Zhejiang","China","ASPIRATIONAL COMPARATORS","Financial_business_services_Productivity",93.8805678873051,90.288834654124,88.4951909808009,85.4408710996813,86.039983980654,84.2363621875326,84.3294906972629,87.9386928536559,89.2779109811815
"Hangzhou, Zhejiang","China","ASPIRATIONAL COMPARATORS","Industry_Productivity",17.2521708463649,18.2804130126768,18.6688704832897,18.0610178274211,19.8250482240594,21.7438180761658,23.6868135875307,24.9389797143412,26.5976889385216
"Hangzhou, Zhejiang","China","ASPIRATIONAL COMPARATORS","Public_services_Productivity",125.797681524877,128.288949886351,133.944219123699,139.068739853911,133.381347048665,131.838556770841,132.841404050583,127.783153162498,130.477558612127
"Hangzhou, Zhejiang","China","ASPIRATIONAL COMPARATORS","Transport_Information_Communic_Services_Productivity",58.0180346450046,59.8176700453551,59.7757106123726,65.0324337468308,71.5113040892655,78.2728191913226,81.5865388038285,83.1947215431684,85.5403925263319
"Hangzhou, Zhejiang","China","ASPIRATIONAL COMPARATORS","Total_GDP",113965.1,124221.9,134159.7,145160.7,159967.1,175324,189525.2,202223.4,215931.2
"Hangzhou, Zhejiang","China","ASPIRATIONAL COMPARATORS","GDP_per_capita_PPP",21.287594415198,23.0347648261759,24.7598582470803,26.6450629779577,28.9525948103792,31.1449281671746,32.6720109843684,33.6594126045278,34.719813297527
"Hangzhou, Zhejiang","China","ASPIRATIONAL COMPARATORS","GVA_per_capita",21.2432249942779,23.0220177232447,24.7087492207852,26.5592330184435,28.9525948103792,31.2409664780148,32.8592733417828,33.8768203140934,34.9823808899892
"Hangzhou, Zhejiang","China","ASPIRATIONAL COMPARATORS","POPTOTT",8738,8802,8843.839,8892,9018,9188,9468,9806,10150.91
"Hangzhou, Zhejiang","China","ASPIRATIONAL COMPARATORS","EMPTOTT",4251.597,4490.658,4656.038,4836.112,5040.286,5220.267,5436.585,5612.047,5761.458
"Hangzhou, Zhejiang","China","ASPIRATIONAL COMPARATORS","EMPO_Q",622.6075,654.3806,670.0325,697.6826,769.0858,815.172,848.8754,934.1967,963.5634
"Hangzhou, Zhejiang","China","ASPIRATIONAL COMPARATORS","EMPB_F",2347.817,2455.421,2498.998,2593.701,2601.917,2639.874,2673.775,2718.768,2758.04
"Hangzhou, Zhejiang","China","ASPIRATIONAL COMPARATORS","EMPK_N",431.4518,497.1391,527.1865,548.2725,599.5251,681.4271,751.0209,771.0292,821.6757
"Hangzhou, Zhejiang","China","ASPIRATIONAL COMPARATORS","EMPGIR_U",337.2184,340.7412,393.4998,402.8844,423.9034,409.2002,425.5085,443.8668,456.3395
"Hangzhou, Zhejiang","China","ASPIRATIONAL COMPARATORS","EMPA",248.0892,252.755,251.5041,257.9956,285.331,276.9093,273.8985,272.5337,261.7048
"Hangzhou, Zhejiang","China","ASPIRATIONAL COMPARATORS","EMPHJ",264.4133,290.2211,314.8165,335.5764,360.5244,397.6839,463.5071,471.653,500.1346
"Hangzhou, Zhejiang","China","ASPIRATIONAL COMPARATORS","GVATOTPPPC",185623.3,202639.8,218520.2,236164.7,261094.5,287042,311111.6,332196.1,355103
"Hangzhou, Zhejiang","China","ASPIRATIONAL COMPARATORS","GVAAPPPC",6946.085,7116.435,7215.833,7350.326,7480.638,7636.574,7786.426,7927.419,8064.31
"Hangzhou, Zhejiang","China","ASPIRATIONAL COMPARATORS","GVAGIR_UPPPC",35027.29,38923.55,45375.93,50999.54,58548.18,65759.55,70387.4,75736.87,81087.16
"Hangzhou, Zhejiang","China","ASPIRATIONAL COMPARATORS","GVAK_NPPPC",40504.94,44886.11,46653.47,46844.88,51583.13,57400.94,63333.21,67803.3,73357.49
"Hangzhou, Zhejiang","China","ASPIRATIONAL COMPARATORS","GVAB_FPPPC",78322.58,83949.8,89746.98,97025.84,102581.7,107471.1,112765.8,119374.6,125723.4
"Hangzhou, Zhejiang","China","ASPIRATIONAL COMPARATORS","GVAO_QPPPC",9481.648,10403.53,10709.66,12120.78,15119.32,17645.98,19022.87,22114.8,24088.94
"Hangzhou, Zhejiang","China","ASPIRATIONAL COMPARATORS","GVAHJPPPC",15340.74,17360.35,18818.38,21823.35,25781.57,31127.84,37815.94,39239.04,42781.71
"Hangzhou, Zhejiang","China","ASPIRATIONAL COMPARATORS","GDPTOTUSC",113965.1,124221.9,134159.7,145160.7,159967.1,175324,189525.2,202223.4,215931.2
"Hangzhou, Zhejiang","China","ASPIRATIONAL COMPARATORS","GDPTOTPPPC",186011,202752,218972.2,236927.9,261094.5,286159.6,309338.6,330064.2,352437.7
"Surabaya","Indonesia","DIRECT COMPARATORS","Total_Employment",2865.782,2980.112,3123.111,3140.002,3103.807,3109.797,3286.689,3361.452,3481.774
"Surabaya","Indonesia","DIRECT COMPARATORS","Public_Services_Emp_Pct",0.0839867442813166,0.0820070520839485,0.0858271127731291,0.0834313481328993,0.0890003469932248,0.0915535322723637,0.0938647982817967,0.0918221946944356,0.0896702370688046
"Surabaya","Indonesia","DIRECT COMPARATORS","Industry_Emp_Pct",0.358285452277947,0.370095486344137,0.368087781702283,0.367092122871259,0.372092723548855,0.377000170750695,0.375657995021738,0.379127829283298,0.377246484119877
"Surabaya","Indonesia","DIRECT COMPARATORS","Financial_Busines_Serices_Emp_Pct",0.0330426285041919,0.0367714032224292,0.0390073231466957,0.041617903428087,0.0449505397726083,0.0340635096117206,0.044075755266166,0.0436681826781998,0.0493844804401435
"Surabaya","Indonesia","DIRECT COMPARATORS","Consumer_services_Emp_Pct",0.331870602858138,0.334508535249682,0.341934052295932,0.339147236211951,0.336726155975549,0.322753543076927,0.328255578790692,0.333053989763947,0.329075637878851
"Surabaya","Indonesia","DIRECT COMPARATORS","Agriculture_Emp_Pct",0.0783734073282615,0.0732719105859109,0.068631534389908,0.0663157539390102,0.0651871073169176,0.0639106989941787,0.059397131885615,0.0562180867077679,0.0534272471447027
"Surabaya","Indonesia","DIRECT COMPARATORS","Transport_Information_Communic_Services_Emp_Pct",0.114441084492819,0.10334554540232,0.0965120355952766,0.10239569911102,0.0920430619558497,0.110718577450554,0.0987486190509659,0.0961097168723516,0.101195913347621
"Surabaya","Indonesia","DIRECT COMPARATORS","Total_GVA",111845.6,119334.9,127213.9,135323.6,142188.1,149476.6,157385.1,165571.4,174387.4
"Surabaya","Indonesia","DIRECT COMPARATORS","Agriculture_GVA_Pct",0.0208078726387091,0.0208243606857675,0.0206206554472428,0.0203770369691613,0.0204890845295774,0.0204756329753286,0.0202336434643432,0.0188768954058491,0.0180806984908313
"Surabaya","Indonesia","DIRECT COMPARATORS","Consumer_services_GVA_Pct",0.340733743660904,0.337215098014076,0.337764898332651,0.335649731458519,0.334567731054849,0.334821370033838,0.334297401723543,0.33518331064423,0.333709201467537
"Surabaya","Indonesia","DIRECT COMPARATORS","Financial_business_services_GVA_Pct",0.0717023468066692,0.0731966088713361,0.0758781784066049,0.0762230682600818,0.0769574247071309,0.0777292900694824,0.0767677499331258,0.0769632919695068,0.0771296550094789
"Surabaya","Indonesia","DIRECT COMPARATORS","Public_services_GVA_Pct",0.0426060122168418,0.042501003478446,0.0423913660378308,0.0409149475775105,0.0408034497964316,0.0404361351542649,0.0400897607206781,0.0401565487759359,0.0404294117579596
"Surabaya","Indonesia","DIRECT COMPARATORS","Transport_Information_Communic_Services_GVA_Pct",0.10923237033911,0.112242939827326,0.115522124547711,0.115249963790499,0.11655855869795,0.117858514309263,0.120376198255108,0.120981280583482,0.120857355519952
"Surabaya","Indonesia","DIRECT COMPARATORS","Agriculture_Productivity",10.361788076728,11.3807019190918,12.2384355234742,13.2424377472007,14.3989023774244,15.3994404005448,16.3122407090671,16.5391396929955,16.9498918405174
"Surabaya","Indonesia","DIRECT COMPARATORS","Consumer_services_Productivity",40.070255695487,40.3677640349136,40.2364177103057,42.6522199257599,45.5172212531802,49.8635645383372,48.7669829841112,49.5708256479195,50.79102470223
"Surabaya","Indonesia","DIRECT COMPARATORS","Financial_business_services_Productivity",84.6904685743831,79.7105205282941,79.2351519648805,78.9314074118287,78.4303508226191,109.682282551029,83.4034569142081,86.8114327757283,78.2249734799844
"Surabaya","Indonesia","DIRECT COMPARATORS","Industry_Productivity",7.81052000062331,7.91976070924069,8.39677742895443,8.94859760382417,9.47475287989305,9.91024348469883,9.78568379754607,9.99899562153764,10.2402536149958
"Surabaya","Indonesia","DIRECT COMPARATORS","Public_services_Productivity",192.80889717256,202.164571247129,193.550511177865,212.605458697141,211.359003532799,214.559895248863,208.263318124474,218.775698115604,228.892465524172
"Surabaya","Indonesia","DIRECT COMPARATORS","Transport_Information_Communic_Services_Productivity",37.2516184742679,43.4912769054485,48.7563110075118,48.5068083839804,58.0125096303992,51.1660199185449,58.3733469724793,62.0025121630665,59.8170012995922
"Surabaya","Indonesia","DIRECT COMPARATORS","Total_GDP",37155,39692.48,42413.04,45124.93,47713.74,50358.31,53159.65,56036.17,59046.18
"Surabaya","Indonesia","DIRECT COMPARATORS","GDP_per_capita_PPP",18.9470097459322,20.1149992267396,21.3592916286887,22.5875626842134,23.7482006463519,24.935830073206,26.1806871253745,27.4589181643942,28.8001875598608
"Surabaya","Indonesia","DIRECT COMPARATORS","GVA_per_capita",18.5361976379464,19.6543039972541,20.8209361097877,22.0142825490208,23.0000383366054,24.0549278480585,25.1907289981224,26.368084647254,27.6437427893601
"Surabaya","Indonesia","DIRECT COMPARATORS","POPTOTT",6033.902,6071.693,6109.903,6147.082,6182.081,6213.97,6247.739,6279.235,6308.386
"Surabaya","Indonesia","DIRECT COMPARATORS","EMPTOTT",2865.782,2980.112,3123.111,3140.002,3103.807,3109.797,3286.689,3361.452,3481.774
"Surabaya","Indonesia","DIRECT COMPARATORS","EMPO_Q",240.6877,244.3902,268.0476,261.9746,276.2399,284.7129,308.5044,308.6559,312.2115
"Surabaya","Indonesia","DIRECT COMPARATORS","EMPB_F",1026.768,1102.926,1149.579,1152.67,1154.904,1172.394,1234.671,1274.42,1313.487
"Surabaya","Indonesia","DIRECT COMPARATORS","EMPK_N",94.69297,109.5829,121.8242,130.6803,139.5178,105.9306,144.8633,146.7885,171.9456
"Surabaya","Indonesia","DIRECT COMPARATORS","EMPGIR_U",951.0688,996.8729,1067.898,1064.923,1045.133,1003.698,1078.874,1119.545,1145.767
"Surabaya","Indonesia","DIRECT COMPARATORS","EMPA",224.6011,218.3585,214.3439,208.2316,202.3282,198.7493,195.2199,188.9744,186.0216
"Surabaya","Indonesia","DIRECT COMPARATORS","EMPHJ",327.9632,307.9813,301.4178,321.5227,285.6839,344.3123,324.556,323.0682,352.3413
"Surabaya","Indonesia","DIRECT COMPARATORS","GVATOTPPPC",111845.6,119334.9,127213.9,135323.6,142188.1,149476.6,157385.1,165571.4,174387.4
"Surabaya","Indonesia","DIRECT COMPARATORS","GVAAPPPC",2327.269,2485.073,2623.234,2757.494,2913.304,3060.628,3184.474,3125.474,3153.046
"Surabaya","Indonesia","DIRECT COMPARATORS","GVAGIR_UPPPC",38109.57,40241.53,42968.39,45421.33,47571.55,50047.96,52613.43,55496.77,58194.68
"Surabaya","Indonesia","DIRECT COMPARATORS","GVAK_NPPPC",8019.592,8734.91,9652.759,10314.78,10942.43,11618.71,12082.1,12742.92,13450.44
"Surabaya","Indonesia","DIRECT COMPARATORS","GVAB_FPPPC",46406.73,49407.04,51880.75,55697.23,58385.79,61087.97,64250.15,67526.41,71462.86
"Surabaya","Indonesia","DIRECT COMPARATORS","GVAO_QPPPC",4765.295,5071.853,5392.771,5536.758,5801.765,6044.256,6309.531,6648.776,7050.38
"Surabaya","Indonesia","DIRECT COMPARATORS","GVAHJPPPC",12217.16,13394.5,14696.02,15596.04,16573.24,17617.09,18945.42,20031.04,21076
"Surabaya","Indonesia","DIRECT COMPARATORS","GDPTOTUSC",37155,39692.48,42413.04,45124.93,47713.74,50358.31,53159.65,56036.17,59046.18
"Surabaya","Indonesia","DIRECT COMPARATORS","GDPTOTPPPC",114324.4,122132.1,130503.2,138847.6,146813.3,154950.5,163570.1,172421,181682.7
"Kochi","India","DIRECT COMPARATORS","Total_Employment",866.1349,890.8091,906.8683,917.3163,927.249,940.8298,953.2947,977.4746,1013.277
"Kochi","India","DIRECT COMPARATORS","Public_Services_Emp_Pct",0.164217375376515,0.171349955899642,0.172543356074967,0.172430272960374,0.172238524926961,0.171945552745034,0.17138760972866,0.17064095578545,0.174276431814795
"Kochi","India","DIRECT COMPARATORS","Industry_Emp_Pct",0.36442383282327,0.358745661668701,0.354138743189061,0.349511613387879,0.345475379320981,0.341567943532401,0.33833420032651,0.335565036677168,0.332116588060323
"Kochi","India","DIRECT COMPARATORS","Financial_Busines_Serices_Emp_Pct",0.0935071315103456,0.0996384747304445,0.103681273234493,0.108508221210067,0.112747924236101,0.117059004721151,0.121324392131835,0.125512928929304,0.130136872740623
"Kochi","India","DIRECT COMPARATORS","Consumer_services_Emp_Pct",0.200825875969205,0.191663960325506,0.189852815452916,0.187685752449837,0.185480922600078,0.182857090623618,0.17997792288156,0.176785156361096,0.170442435780147
"Kochi","India","DIRECT COMPARATORS","Agriculture_Emp_Pct",0.0585256869339868,0.0550765141487666,0.0542508983939564,0.0538454838314767,0.0535427161420503,0.0533659116664885,0.0531826621924993,0.0529772538335011,0.0517106970749361
"Kochi","India","DIRECT COMPARATORS","Transport_Information_Communic_Services_Emp_Pct",0.118500132023314,0.123525343420942,0.125533001870283,0.128018765174019,0.130514565127598,0.133204432937817,0.135793265188614,0.138518688874371,0.141316935053297
"Kochi","India","DIRECT COMPARATORS","Total_GVA",17785,19880.68,20855.21,22251.54,24170.49,26786.29,28795.26,31357.35,33297.91
"Kochi","India","DIRECT COMPARATORS","Agriculture_GVA_Pct",0.0608910317683441,0.0563989762925614,0.0478599544190636,0.0444414319188694,0.0404624647659191,0.0362554911486436,0.0353553327874102,0.0340422261447476,0.0329335685032484
"Kochi","India","DIRECT COMPARATORS","Consumer_services_GVA_Pct",0.141318639302783,0.124498709299682,0.128735073873627,0.130051448124489,0.137205741381329,0.134660679026472,0.13825442104013,0.137827909565062,0.134481323302273
"Kochi","India","DIRECT COMPARATORS","Financial_business_services_GVA_Pct",0.213563845937588,0.278810684543989,0.296153862751802,0.321828826229555,0.331274252197618,0.335207451274514,0.336430544471555,0.335275142829353,0.340621078019611
"Kochi","India","DIRECT COMPARATORS","Public_services_GVA_Pct",0.189274613438291,0.17577758909655,0.173102068979406,0.15763547152242,0.147590843214184,0.148075676026803,0.156704263132196,0.163421079906306,0.1733026487248
"Kochi","India","DIRECT COMPARATORS","Transport_Information_Communic_Services_GVA_Pct",0.108159179083497,0.109832208958647,0.115918084737579,0.114846028634423,0.111791320738636,0.110513998019136,0.104482439123661,0.0978112308597506,0.0986905484458334
"Kochi","India","DIRECT COMPARATORS","Agriculture_Productivity",21.3636347495835,22.8534286563346,20.287834446716,20.0207214170979,19.6988565168429,19.342444586785,20.0806923247615,20.6140052742241,20.9289378872101
"Kochi","India","DIRECT COMPARATORS","Consumer_services_Productivity",14.4493432592302,14.4967610814357,15.5937364778724,16.8083409615769,19.2824457662498,20.9667200271569,23.2035063996456,25.0106653240974,25.9282396497156
"Kochi","India","DIRECT COMPARATORS","Financial_business_services_Productivity",46.8976768553172,62.4494951827908,65.6882097427861,71.9454378279455,76.5893190900795,81.5286663531053,83.7608585319291,85.6932796568793,86.0121776335896
"Kochi","India","DIRECT COMPARATORS","Industry_Productivity",12.0334260338195,17.3448019378303,19.2315507794937,22.3359430240911,24.9953752508649,27.9407500623138,30.0360863194435,32.0522502159257,33.7030916769903
"Kochi","India","DIRECT COMPARATORS","Public_services_Productivity",35.8606075604776,33.1711391698512,31.7519448905602,32.5244241909655,35.0621634482931,38.9590131759921,40.3198621153132,43.5442801198102,41.4777821884894
"Kochi","India","DIRECT COMPARATORS","Transport_Information_Communic_Services_Productivity",18.7418681938597,19.8435896853345,21.2355556258285,21.7612235669999,22.3274017823574,23.6210997688368,23.2412186850623,22.6524001373723,22.949336979689
"Kochi","India","DIRECT COMPARATORS","Total_GDP",5582.552,6275.695,6592.858,7097.575,7770.986,8637.941,9280.775,10087.87,10620.4
"Kochi","India","DIRECT COMPARATORS","GDP_per_capita_PPP",8.72623424256055,9.57545526812965,9.82173881317887,10.3284589311784,11.0521516732472,12.0110698863093,12.6259181136617,13.4347478324345,13.8510396078381
"Kochi","India","DIRECT COMPARATORS","GVA_per_capita",8.10516064259773,8.84387229137872,9.05821959457112,9.44059139408581,10.0223539158537,10.8591952298868,11.4212427247004,12.1753893464106,12.6611200128977
"Kochi","India","DIRECT COMPARATORS","POPTOTT",2194.281,2247.961,2302.352,2357.007,2411.658,2466.692,2521.202,2575.47,2629.934
"Kochi","India","DIRECT COMPARATORS","EMPTOTT",866.1349,890.8091,906.8683,917.3163,927.249,940.8298,953.2947,977.4746,1013.277
"Kochi","India","DIRECT COMPARATORS","EMPO_Q",142.2344,152.6401,156.4741,158.1731,159.708,161.7715,163.3829,166.7972,176.5903
"Kochi","India","DIRECT COMPARATORS","EMPB_F",315.6402,319.5739,321.1572,320.6127,320.3417,321.3573,322.5322,328.0063,336.5261
"Kochi","India","DIRECT COMPARATORS","EMPK_N",80.98979,88.75886,94.02526,99.53636,104.5454,110.1326,115.6579,122.6857,131.8647
"Kochi","India","DIRECT COMPARATORS","EMPGIR_U",173.9423,170.736,172.1715,172.1672,171.987,172.0374,171.572,172.803,172.7054
"Kochi","India","DIRECT COMPARATORS","EMPA",50.69114,49.06266,49.19842,49.39334,49.64743,50.20824,50.69875,51.78392,52.39726
"Kochi","India","DIRECT COMPARATORS","EMPHJ",102.6371,110.0375,113.8419,117.4337,121.0195,125.3227,129.451,135.3985,143.1932
"Kochi","India","DIRECT COMPARATORS","GVATOTPPPC",17785,19880.68,20855.21,22251.54,24170.49,26786.29,28795.26,31357.35,33297.91
"Kochi","India","DIRECT COMPARATORS","GVAAPPPC",1082.947,1121.25,998.1294,988.8903,977.9976,971.1501,1018.066,1067.474,1096.619
"Kochi","India","DIRECT COMPARATORS","GVAGIR_UPPPC",2513.352,2475.119,2684.797,2893.845,3316.33,3607.06,3981.072,4321.918,4477.947
"Kochi","India","DIRECT COMPARATORS","GVAK_NPPPC",3798.233,5542.946,6176.351,7161.187,8007.061,8978.964,9687.605,10513.34,11341.97
"Kochi","India","DIRECT COMPARATORS","GVAB_FPPPC",5100.612,5063.246,4968.357,5144.489,5599.708,6302.458,6587.576,7263.064,7324.574
"Kochi","India","DIRECT COMPARATORS","GVAO_QPPPC",3366.249,3494.578,3610.08,3507.632,3567.343,3966.398,4512.34,5124.452,5770.616
"Kochi","India","DIRECT COMPARATORS","GVAHJPPPC",1923.611,2183.539,2417.496,2555.501,2702.051,2960.26,3008.599,3067.101,3286.189
"Kochi","India","DIRECT COMPARATORS","GDPTOTUSC",5582.552,6275.695,6592.858,7097.575,7770.986,8637.941,9280.775,10087.87,10620.4
"Kochi","India","DIRECT COMPARATORS","GDPTOTPPPC",19147.81,21525.25,22613.1,24344.25,26654.01,29627.61,31832.49,34600.79,36427.32
"Mumbai","India","DIRECT COMPARATORS","Total_Employment",7250.956,7308.086,7365.384,7386.36,7407.591,7463.395,7516.428,7660.753,7776.78
"Mumbai","India","DIRECT COMPARATORS","Public_Services_Emp_Pct",0.152439071482436,0.153609303448263,0.153714456707213,0.153623706399363,0.153359168992996,0.152933484024362,0.152235343703153,0.151360969345964,0.152956236385754
"Mumbai","India","DIRECT COMPARATORS","Industry_Emp_Pct",0.3416057137845,0.344338175549658,0.338744456500842,0.333585554995966,0.328581856098697,0.323754939943551,0.319308320388355,0.315072421731911,0.313935073385129
"Mumbai","India","DIRECT COMPARATORS","Financial_Busines_Serices_Emp_Pct",0.118244421838996,0.122150628769284,0.128108228980322,0.134116425411163,0.140131521840231,0.146087001960904,0.152023008801521,0.15790105750701,0.164007468386659
"Mumbai","India","DIRECT COMPARATORS","Consumer_services_Emp_Pct",0.233026789846746,0.225586015271304,0.223561731472521,0.221418669006114,0.219262240585367,0.217170202032721,0.215040708166166,0.212982457468607,0.205494947780444
"Mumbai","India","DIRECT COMPARATORS","Agriculture_Emp_Pct",0.011824741454782,0.0109967315655563,0.0109397161098457,0.0106935648952935,0.0104347891237516,0.0101820310997877,0.00991133022228111,0.00960027689184079,0.00955904886083958
"Mumbai","India","DIRECT COMPARATORS","Transport_Information_Communic_Services_Emp_Pct",0.142859231251714,0.143319057821706,0.144931343701835,0.146562176769072,0.148230376110128,0.14987227662478,0.151481395152059,0.153082732206612,0.154047304925689
"Mumbai","India","DIRECT COMPARATORS","Total_GVA",190242.5,202423.2,214863,233919.7,252207,270548.6,283154,300471.8,310543.2
"Mumbai","India","DIRECT COMPARATORS","Agriculture_GVA_Pct",0.00309671813606318,0.0030033098972845,0.00330123380945067,0.00300121836681562,0.00269293913333095,0.00264957127850597,0.00259008172231365,0.00238445072050023,0.00233027643174927
"Mumbai","India","DIRECT COMPARATORS","Consumer_services_GVA_Pct",0.115938972627042,0.120661317477443,0.112090215625771,0.106273306609063,0.102748337675005,0.107870526774117,0.112361259244086,0.112376868644578,0.10985376591727
"Mumbai","India","DIRECT COMPARATORS","Financial_business_services_GVA_Pct",0.35858643573334,0.372705450758609,0.394359801361798,0.409914385150118,0.425403735820179,0.436483130942093,0.433064339546678,0.430099596700922,0.439672483570724
"Mumbai","India","DIRECT COMPARATORS","Public_services_GVA_Pct",0.104138192044364,0.104380031537887,0.102202985157984,0.102526080531054,0.100028389378566,0.0991505407900836,0.104425436334998,0.105437981201564,0.111464234283668
"Mumbai","India","DIRECT COMPARATORS","Transport_Information_Communic_Services_GVA_Pct",0.0815746218641996,0.0808231961553814,0.0799996276697244,0.0769686777129075,0.0777085885800156,0.0768514788100918,0.0759929225792325,0.0772702463259447,0.0776253352190613
"Mumbai","India","DIRECT COMPARATORS","Agriculture_Productivity",6.87103717861813,7.56472526742343,8.80311698846332,8.88815078826108,8.78664340563271,9.4330047220437,9.84447862889911,9.74174709889884,9.73452964286935
"Mumbai","India","DIRECT COMPARATORS","Consumer_services_Productivity",13.0537673991384,14.8153708414766,14.6263674999302,15.2000944066505,15.954790189662,18.005758788569,19.6837171433203,20.6949962184498,21.3469587738856
"Mumbai","India","DIRECT COMPARATORS","Financial_business_services_Productivity",79.5656234287253,84.5136141177319,89.8011406299695,96.7937949119764,103.358358131743,108.309051137067,107.313485083182,106.835664465738,107.05029597397
"Mumbai","India","DIRECT COMPARATORS","Industry_Productivity",27.5410824847152,29.980385089648,33.961485909924,38.9154673550913,44.079622021364,48.8719788139854,51.0920569419572,53.5415454830194,55.9257296211524
"Mumbai","India","DIRECT COMPARATORS","Public_services_Productivity",57.9447748136528,57.4180422059701,58.4611178926059,62.1156144247039,64.6974354369898,65.6565384881589,67.2003188069907,70.5950554487602,67.6308588347946
"Mumbai","India","DIRECT COMPARATORS","Transport_Information_Communic_Services_Productivity",14.9816288979463,15.6202763445829,16.1024473641069,16.6313861297423,17.8489203391528,18.5883049217026,18.8984005782545,19.797864638804,20.1220208482194
"Mumbai","India","DIRECT COMPARATORS","Total_GDP",63387.19,67464.54,71438.43,77737.11,83799.09,90192.27,94615.43,100359.5,102916.2
"Mumbai","India","DIRECT COMPARATORS","GDP_per_capita_PPP",11.4216024396715,12.057059161599,12.6653403258271,13.6736250143591,14.6254734152198,15.6117811280306,16.2452050316694,17.09442413889,17.3917169208939
"Mumbai","India","DIRECT COMPARATORS","GVA_per_capita",9.99416874394219,10.5472642000499,11.1060628145924,11.9959804798398,12.8333878643892,13.6534375753832,14.1742342442459,14.9215267569822,15.3001064207166
"Mumbai","India","DIRECT COMPARATORS","POPTOTT",19035.35,19192.01,19346.46,19499.84,19652.41,19815.42,19976.67,20136.8,20296.8
"Mumbai","India","DIRECT COMPARATORS","EMPTOTT",7250.956,7308.086,7365.384,7386.36,7407.591,7463.395,7516.428,7660.753,7776.78
"Mumbai","India","DIRECT COMPARATORS","EMPO_Q",1105.329,1122.59,1132.166,1134.72,1136.022,1141.403,1144.266,1159.539,1189.507
"Mumbai","India","DIRECT COMPARATORS","EMPB_F",2476.968,2516.453,2494.983,2463.983,2434,2416.311,2400.058,2413.692,2441.404
"Mumbai","India","DIRECT COMPARATORS","EMPK_N",857.3851,892.6873,943.5663,990.6322,1038.037,1090.305,1142.67,1209.641,1275.45
"Mumbai","India","DIRECT COMPARATORS","EMPGIR_U",1689.667,1648.602,1646.618,1635.478,1624.205,1620.827,1616.338,1631.606,1598.089
"Mumbai","India","DIRECT COMPARATORS","EMPA",85.74068,80.36506,80.57521,78.98652,77.29665,75.99252,74.4978,73.54535,74.33862
"Mumbai","India","DIRECT COMPARATORS","EMPHJ",1035.866,1047.388,1067.475,1082.561,1098.03,1118.556,1138.599,1172.729,1197.992
"Mumbai","India","DIRECT COMPARATORS","GVATOTPPPC",190242.5,202423.2,214863,233919.7,252207,270548.6,283154,300471.8,310543.2
"Mumbai","India","DIRECT COMPARATORS","GVAAPPPC",589.1274,607.9396,709.313,702.0441,679.1781,716.8378,733.392,716.4602,723.6515
"Mumbai","India","DIRECT COMPARATORS","GVAGIR_UPPPC",22056.52,24424.65,24084.04,24859.42,25913.85,29184.22,31815.54,33766.08,34114.34
"Mumbai","India","DIRECT COMPARATORS","GVAK_NPPPC",68218.38,75444.23,84733.33,95887.05,107289.8,118089.9,122623.9,129232.8,136537.3
"Mumbai","India","DIRECT COMPARATORS","GVAB_FPPPC",64048.04,64456.92,66187.69,70483.83,73497.71,74940.57,76895.04,81857.72,80447.38
"Mumbai","India","DIRECT COMPARATORS","GVAO_QPPPC",19811.51,21128.94,21959.64,23982.87,25227.86,26825.04,29568.48,31681.14,34614.46
"Mumbai","India","DIRECT COMPARATORS","GVAHJPPPC",15518.96,16360.49,17188.96,18004.49,19598.65,20792.06,21517.7,23217.53,24106.02
"Mumbai","India","DIRECT COMPARATORS","GDPTOTUSC",63387.19,67464.54,71438.43,77737.11,83799.09,90192.27,94615.43,100359.5,102916.2
"Mumbai","India","DIRECT COMPARATORS","GDPTOTPPPC",217414.2,231399.2,245029.5,266633.5,287425.8,309354,324525.1,344227,352996.2
"Colombo","Sri Lanka","City","Total_Employment",666.87,681.4343,696.7237,694.6454,698.8656,721.2045,745.6592,717.8185,729.3737
"Colombo","Sri Lanka","City","Public_Services_Emp_Pct",0.196863256706704,0.186690485054832,0.17121019422764,0.17047618828254,0.167361936257844,0.167256582564307,0.159912061703255,0.157203805697401,0.157666227888392
"Colombo","Sri Lanka","City","Industry_Emp_Pct",0.339306611483498,0.349475510698537,0.359820973507863,0.363349847274595,0.358438160355868,0.361691586782944,0.363839271345408,0.355523297323766,0.355587951690608
"Colombo","Sri Lanka","City","Financial_Busines_Serices_Emp_Pct",0.0714959137463074,0.0679075150751877,0.0725082267188557,0.0748686596067576,0.0803722203525256,0.0852709876324954,0.0906012559088656,0.098843704919837,0.10070119062423
"Colombo","Sri Lanka","City","Consumer_services_Emp_Pct",0.268701845936989,0.274521989867548,0.271818799905902,0.267300841551675,0.268880454267602,0.262656292355358,0.264229154552106,0.267762115353672,0.266480406408951
"Colombo","Sri Lanka","City","Agriculture_Emp_Pct",0.0211252118103978,0.0188855183837972,0.0189296273400776,0.0191770938093018,0.0198074994677088,0.018694198386172,0.0185476823728588,0.0194311514679546,0.0196022285969456
"Colombo","Sri Lanka","City","Transport_Information_Communic_Services_Emp_Pct",0.10250717531153,0.10251893689531,0.105712221358338,0.104827311891794,0.105139657753937,0.104430421607186,0.102870480240839,0.101235953099565,0.099962186736374
"Colombo","Sri Lanka","City","Total_GVA",29735.59,31248.72,32476.33,33986.58,35636.91,37412.97,38849.05,40280.68,41142.39
"Colombo","Sri Lanka","City","Agriculture_GVA_Pct",0.00317161858903758,0.00313750451218482,0.00311586931158785,0.00311307580815722,0.00311008726626411,0.00285149508312224,0.00274070022304278,0.00277319548726586,0.0027242607928222
"Colombo","Sri Lanka","City","Consumer_services_GVA_Pct",0.255096636723872,0.248295546185572,0.249428922541432,0.246160337403763,0.24526615803671,0.23777045767818,0.237009321978272,0.237486060314771,0.235756308760867
"Colombo","Sri Lanka","City","Financial_business_services_GVA_Pct",0.148932911706141,0.162691143829251,0.170384584711388,0.173912791460629,0.183793123477877,0.189829195597142,0.195983479647507,0.20722390982476,0.206327245451711
"Colombo","Sri Lanka","City","Public_services_GVA_Pct",0.133423685220303,0.124740117355207,0.113513565110343,0.113678016440607,0.112095380884594,0.111423391406777,0.105836667820706,0.103136491240962,0.103414750577203
"Colombo","Sri Lanka","City","Transport_Information_Communic_Services_GVA_Pct",0.168925149963394,0.159114677337184,0.160928928853722,0.160065590594876,0.160450779823503,0.160694753717762,0.159687045114359,0.158330817652532,0.158946502621749
"Colombo","Sri Lanka","City","Agriculture_Productivity",6.69445554548378,7.61839860007273,7.67261720621865,7.94238992048812,8.00662150232829,7.91278813618407,7.69860270060194,8.0087381452878,7.8393968112972
"Colombo","Sri Lanka","City","Consumer_services_Productivity",42.3320657718211,41.4763025562267,42.7733910084665,45.056977272103,46.5141159685447,46.9606221648334,46.7331134288103,49.7704009165233,49.9042414276733
"Colombo","Sri Lanka","City","Financial_business_services_Productivity",92.8848402885327,109.863724110747,109.534108499511,113.651656108187,116.608354943565,115.48497166241,112.700351077879,117.644870097802,115.574332051715
"Colombo","Sri Lanka","City","Industry_Productivity",19.5719337756891,21.3479121508529,22.0724320072375,23.4180562307423,26.1469715980153,27.2262832485348,28.0640220921408,32.7079966708621,32.7302226857626
"Colombo","Sri Lanka","City","Public_services_Productivity",65.7872963737658,74.1862545424246,82.3922213969428,86.9808859108009,89.9684089480907,92.2499423839929,97.3321849481591,103.892903287553,104.765403799731
"Colombo","Sri Lanka","City","Transport_Information_Communic_Services_Productivity",73.4810623216035,71.1728556230812,70.9602739686969,74.708124289923,77.8182839631027,79.8249076653218,80.8758652481308,87.763275804937,89.6921935997895
"Colombo","Sri Lanka","City","Total_GDP",9877.81,10814.68,11239.53,11762.21,12333.36,12948.02,13445.03,13940.49,14238.72
"Colombo","Sri Lanka","City","GDP_per_capita_PPP",13.0978343810651,14.2735013761362,14.8911515719583,15.6474972924531,16.4794273347067,17.357831033859,18.0893094993865,18.8344408503341,19.3175252975475
"Colombo","Sri Lanka","City","GVA_per_capita",12.8191975044124,13.4089471592894,13.989186446358,14.6997218060462,15.4812640479457,16.3064595214798,16.9936288736907,17.6936295223855,18.147448940659
"Colombo","Sri Lanka","City","POPTOTT",2319.614,2330.438,2321.531,2312.056,2301.938,2294.365,2286.095,2276.564,2267.117
"Colombo","Sri Lanka","City","EMPTOTT",666.87,681.4343,696.7237,694.6454,698.8656,721.2045,745.6592,717.8185,729.3737
"Colombo","Sri Lanka","City","EMPO_Q",131.2822,127.2173,119.2862,118.4205,116.9635,120.6262,119.2399,112.8438,114.9976
"Colombo","Sri Lanka","City","EMPB_F",226.2734,238.1446,250.6958,252.3993,250.5001,260.8536,271.3001,255.2012,259.3565
"Colombo","Sri Lanka","City","EMPK_N",47.67848,46.27451,50.5182,52.00717,56.16938,61.49782,67.55766,70.95184,73.4488
"Colombo","Sri Lanka","City","EMPGIR_U",179.1892,187.0687,189.3826,185.6793,187.9113,189.4289,197.0249,192.2046,194.3638
"Colombo","Sri Lanka","City","EMPA",14.08777,12.86924,13.18872,13.32128,13.84278,13.48234,13.83025,13.94804,14.29735
"Colombo","Sri Lanka","City","EMPHJ",68.35896,69.85992,73.65221,72.81781,73.47849,75.31569,76.70632,72.66904,72.90979
"Colombo","Sri Lanka","City","GVATOTPPPC",29735.59,31248.72,32476.33,33986.58,35636.91,37412.97,38849.05,40280.68,41142.39
"Colombo","Sri Lanka","City","GVAAPPPC",94.30995,98.043,101.192,105.8028,110.8339,106.6829,106.4736,111.7062,112.0826
"Colombo","Sri Lanka","City","GVAGIR_UPPPC",7585.449,7758.918,8100.536,8366.148,8740.528,8895.699,9207.587,9566.1,9699.578
"Colombo","Sri Lanka","City","GVAK_NPPPC",4428.608,5083.89,5533.466,5910.701,6549.819,7102.074,7613.772,8347.12,8488.796
"Colombo","Sri Lanka","City","GVAB_FPPPC",8636.701,9437.775,9828.255,10300.32,10523.02,11127.76,11605.88,11723.67,12047.77
"Colombo","Sri Lanka","City","GVAO_QPPPC",3967.432,3897.969,3686.504,3863.527,3994.733,4168.68,4111.654,4154.408,4254.73
"Colombo","Sri Lanka","City","GVAHJPPPC",5023.089,4972.13,5226.381,5440.082,5717.97,6012.068,6203.69,6377.673,6539.439
"Colombo","Sri Lanka","City","GDPTOTUSC",9877.81,10814.68,11239.53,11762.21,12333.36,12948.02,13445.03,13940.49,14238.72
"Colombo","Sri Lanka","City","GDPTOTPPPC",30381.92,33263.51,34570.27,36177.89,37934.62,39825.2,41353.88,42877.81,43795.09
"Kuala Lumpur","Malaysia","ASPIRATIONAL COMPARATORS","Total_Employment",3153.412,3240.919,3451.668,3508.356,3563.366,3631.402,3761.403,3830.44,3865.207
"Kuala Lumpur","Malaysia","ASPIRATIONAL COMPARATORS","Public_Services_Emp_Pct",0.142664326767324,0.140244973725045,0.149164983422508,0.146020358253267,0.145294140427899,0.144772156869441,0.144609232246585,0.131378640573929,0.132050676716667
"Kuala Lumpur","Malaysia","ASPIRATIONAL COMPARATORS","Industry_Emp_Pct",0.311464724558669,0.310580116318859,0.306826438695726,0.299775450381888,0.293727054700528,0.296922235544288,0.292039433158319,0.295463706519355,0.282231714886163
"Kuala Lumpur","Malaysia","ASPIRATIONAL COMPARATORS","Financial_Busines_Serices_Emp_Pct",0.149125804049709,0.157628900938283,0.151114765382997,0.165951687913085,0.164426612365948,0.164716106892049,0.162341073264418,0.16548884723426,0.165994447386647
"Kuala Lumpur","Malaysia","ASPIRATIONAL COMPARATORS","Consumer_services_Emp_Pct",0.290659292220617,0.284310592149943,0.298282743299761,0.291971795336619,0.303162796075396,0.299584568164031,0.304062074709889,0.302206796086089,0.317507186549129
"Kuala Lumpur","Malaysia","ASPIRATIONAL COMPARATORS","Agriculture_Emp_Pct",0.0141963213179883,0.0152684932884777,0.0158517707960325,0.0118501628683064,0.0131180434454389,0.0114447780774478,0.0148891410997439,0.0189412965612306,0.0165650972897441
"Kuala Lumpur","Malaysia","ASPIRATIONAL COMPARATORS","Transport_Information_Communic_Services_Emp_Pct",0.0918894200948052,0.0919670007180062,0.0787595446607263,0.0844307419201472,0.0802712940517477,0.0825601516989857,0.0820593007449614,0.0865208957717651,0.0856508073176935
"Kuala Lumpur","Malaysia","ASPIRATIONAL COMPARATORS","Total_GVA",199165,212582.9,226959.5,243493.9,256646.7,270386.3,290151.3,310855.1,330529.2
"Kuala Lumpur","Malaysia","ASPIRATIONAL COMPARATORS","Agriculture_GVA_Pct",0.0119356362814752,0.0118196242501161,0.0108078005106638,0.0094716171534482,0.00871659366748141,0.00786026880799804,0.00817055101941642,0.00800652136638582,0.00783850261943574
"Kuala Lumpur","Malaysia","ASPIRATIONAL COMPARATORS","Consumer_services_GVA_Pct",0.333547611277082,0.328526988765324,0.329680581777806,0.332841110187976,0.336795213030208,0.339732153589143,0.339407267863353,0.343378956948109,0.347378991024091
"Kuala Lumpur","Malaysia","ASPIRATIONAL COMPARATORS","Financial_business_services_GVA_Pct",0.195171541184445,0.196447362417203,0.193022719912584,0.188173584636001,0.181527329203921,0.180242748985433,0.180015702152636,0.179520972954923,0.178379671145545
"Kuala Lumpur","Malaysia","ASPIRATIONAL COMPARATORS","Public_services_GVA_Pct",0.0828379484347149,0.084478902113011,0.0845099676373979,0.0840924557042291,0.0834162293923904,0.0830834994228628,0.0813825407640772,0.0796652202264013,0.0779321463882767
"Kuala Lumpur","Malaysia","ASPIRATIONAL COMPARATORS","Transport_Information_Communic_Services_GVA_Pct",0.115895915446991,0.117733740578381,0.113829251474382,0.115562853935971,0.120681115323127,0.123485213562965,0.125696524537371,0.127684152519936,0.126392312691284
"Kuala Lumpur","Malaysia","ASPIRATIONAL COMPARATORS","Agriculture_Productivity",53.100921775823,50.7770701409245,44.8310473992073,55.4733311861885,47.8578285009174,51.13760415817,42.3307881607155,34.3038998807776,40.4646876117195
"Kuala Lumpur","Malaysia","ASPIRATIONAL COMPARATORS","Consumer_services_Productivity",72.4779544573046,75.7945822330479,72.6749244589747,79.1189457417013,80.0138667752805,84.4359837928068,86.1060243070735,92.2101616727929,93.5593217576805
"Kuala Lumpur","Malaysia","ASPIRATIONAL COMPARATORS","Financial_business_services_Productivity",82.6601136276884,81.7467518167804,83.988703944417,78.6975866067944,79.5142855874993,81.4764480638983,85.5375151769434,88.0350865624297,91.8943633203653
"Kuala Lumpur","Malaysia","ASPIRATIONAL COMPARATORS","Industry_Productivity",39.5767319237701,41.4889748799134,41.3651879066684,43.5659334860357,44.5116117314459,45.1986470594782,47.5492363069629,49.3083403136365,54.0476255953887
"Kuala Lumpur","Malaysia","ASPIRATIONAL COMPARATORS","Public_services_Productivity",115.37452037146,122.068099584047,118.203403590823,128.264655623733,133.278105722567,136.598881660576,141.534058568914,161.681848350085,169.717823085749
"Kuala Lumpur","Malaysia","ASPIRATIONAL COMPARATORS","Transport_Information_Communic_Services_Productivity",79.6590135737487,83.9709505813641,95.032035837173,94.99529224062,108.281510019718,111.366566258329,118.159899254223,119.763732936326,126.190387729525
"Kuala Lumpur","Malaysia","ASPIRATIONAL COMPARATORS","Total_GDP",81780.27,87551.12,93024.84,99964,105505.9,111131,119333,127448.6,135618.9
"Kuala Lumpur","Malaysia","ASPIRATIONAL COMPARATORS","GDP_per_capita_PPP",31.3789489130985,33.1349112629142,34.5403539033404,36.5294426471839,37.9378724455517,39.1787248581843,41.5372408894427,43.7482074782149,45.9656348862746
"Kuala Lumpur","Malaysia","ASPIRATIONAL COMPARATORS","GVA_per_capita",30.6677238009346,32.2872496264873,33.8185346123689,35.7080489571815,37.0348398931467,38.254155433773,40.5303494338837,42.8214823249431,44.9574261542599
"Kuala Lumpur","Malaysia","ASPIRATIONAL COMPARATORS","POPTOTT",6494.287,6584.113,6711.098,6819.02,6929.872,7068.155,7158.865,7259.326,7352.049
"Kuala Lumpur","Malaysia","ASPIRATIONAL COMPARATORS","EMPTOTT",3153.412,3240.919,3451.668,3508.356,3563.366,3631.402,3761.403,3830.44,3865.207
"Kuala Lumpur","Malaysia","ASPIRATIONAL COMPARATORS","EMPO_Q",449.8794,454.5226,514.868,512.2914,517.7362,525.7259,543.9336,503.238,510.4032
"Kuala Lumpur","Malaysia","ASPIRATIONAL COMPARATORS","EMPB_F",982.1766,1006.565,1059.063,1051.719,1046.657,1078.244,1098.478,1131.756,1090.884
"Kuala Lumpur","Malaysia","ASPIRATIONAL COMPARATORS","EMPK_N",470.2551,510.8625,521.598,582.2176,585.9122,598.1504,610.6302,633.8951,641.6029
"Kuala Lumpur","Malaysia","ASPIRATIONAL COMPARATORS","EMPGIR_U",916.5685,921.4276,1029.573,1024.341,1080.28,1087.912,1143.7,1157.585,1227.231
"Kuala Lumpur","Malaysia","ASPIRATIONAL COMPARATORS","EMPA",44.76685,49.48395,54.71505,41.57459,46.74439,41.56059,56.00406,72.5535,64.02753
"Kuala Lumpur","Malaysia","ASPIRATIONAL COMPARATORS","EMPHJ",289.7652,298.0576,271.8518,296.2131,286.036,299.8091,308.6581,331.4131,331.0581
"Kuala Lumpur","Malaysia","ASPIRATIONAL COMPARATORS","GVATOTPPPC",199165,212582.9,226959.5,243493.9,256646.7,270386.3,290151.3,310855.1,330529.2
"Kuala Lumpur","Malaysia","ASPIRATIONAL COMPARATORS","GVAAPPPC",2377.161,2512.65,2452.933,2306.281,2237.085,2125.309,2370.696,2488.868,2590.854
"Kuala Lumpur","Malaysia","ASPIRATIONAL COMPARATORS","GVAGIR_UPPPC",66431.01,69839.22,74824.14,81044.78,86437.38,91858.92,98479.46,106741.1,114818.9
"Kuala Lumpur","Malaysia","ASPIRATIONAL COMPARATORS","GVAK_NPPPC",38871.34,41761.35,43808.34,45819.12,46588.39,48735.17,52231.79,55805.01,58959.69
"Kuala Lumpur","Malaysia","ASPIRATIONAL COMPARATORS","GVAB_FPPPC",51904.62,55482.71,60859.15,65708.88,69002.9,71813.57,76985.13,81364.45,86624.52
"Kuala Lumpur","Malaysia","ASPIRATIONAL COMPARATORS","GVAO_QPPPC",16498.42,17958.77,19180.34,20476,21408.5,22464.64,23613.25,24764.34,25758.85
"Kuala Lumpur","Malaysia","ASPIRATIONAL COMPARATORS","GVAHJPPPC",23082.41,25028.18,25834.63,28138.85,30972.41,33388.71,36471.01,39691.27,41776.35
"Kuala Lumpur","Malaysia","ASPIRATIONAL COMPARATORS","GDPTOTUSC",81780.27,87551.12,93024.84,99964,105505.9,111131,119333,127448.6,135618.9
"Kuala Lumpur","Malaysia","ASPIRATIONAL COMPARATORS","GDPTOTPPPC",203783.9,218164,231803.7,249095,262904.6,276921.3,297359.5,317582.5,337941.6
"Singapore","Singapore","ASPIRATIONAL COMPARATORS","Total_Employment",3178.15,3303.575,3438.45,3569.75,3635.4,3671.575,3662.75,3691.5,3752.75
"Singapore","Singapore","ASPIRATIONAL COMPARATORS","Public_Services_Emp_Pct",0.16733325991536,0.166461061123177,0.164801029533656,0.165394943623503,0.168059993398251,0.171456554748303,0.176840461401952,0.179469321414059,0.18084921724069
"Singapore","Singapore","ASPIRATIONAL COMPARATORS","Industry_Emp_Pct",0.294971477117191,0.297217347873137,0.298746528232198,0.294439666643322,0.287301809979645,0.280525387606136,0.268404341000614,0.260026249492076,0.256238598361202
"Singapore","Singapore","ASPIRATIONAL COMPARATORS","Financial_Busines_Serices_Emp_Pct",0.193700140018564,0.194915962253014,0.196309354505664,0.199796932558302,0.203687022060846,0.20565365000034,0.205270438877892,0.206979466341596,0.209320951302378
"Singapore","Singapore","ASPIRATIONAL COMPARATORS","Consumer_services_Emp_Pct",0.246791057690795,0.244749824054244,0.242700955372333,0.242721283003011,0.24192011883149,0.242294955162294,0.245692580711214,0.246137775971827,0.244880527613084
"Singapore","Singapore","ASPIRATIONAL COMPARATORS","Agriculture_Emp_Pct",0,0,0,0,0,0,0,0,0
"Singapore","Singapore","ASPIRATIONAL COMPARATORS","Transport_Information_Communic_Services_Emp_Pct",0.0972040967229363,0.0966558046964274,0.0974421614390205,0.097647062119196,0.0990311382516367,0.100069425246658,0.103792150706436,0.107387159691182,0.108710705482646
"Singapore","Singapore","ASPIRATIONAL COMPARATORS","Total_GVA",370494.6,386548.8,406945.4,423778.8,433300.7,444394.1,463524.6,480936.1,484432.2
"Singapore","Singapore","ASPIRATIONAL COMPARATORS","Agriculture_GVA_Pct",0,0,0,0,0,0,0,0,0
"Singapore","Singapore","ASPIRATIONAL COMPARATORS","Consumer_services_GVA_Pct",0.238466930422198,0.24189116613478,0.241506673868288,0.24014556650781,0.24228763073773,0.239964256951206,0.234128026862005,0.231775905364559,0.227027641845443
"Singapore","Singapore","ASPIRATIONAL COMPARATORS","Financial_business_services_GVA_Pct",0.26547566415273,0.267627528529386,0.280720214554582,0.284303273311454,0.296511868086066,0.297241345013356,0.295808248364812,0.298041257456032,0.303704625745357
"Singapore","Singapore","ASPIRATIONAL COMPARATORS","Public_services_GVA_Pct",0.0742673712383392,0.0733554469707318,0.0710296270703637,0.0704664320159479,0.070791646540151,0.0715933897412229,0.0707301403204922,0.0696871164381297,0.0709626651572707
"Singapore","Singapore","ASPIRATIONAL COMPARATORS","Transport_Information_Communic_Services_GVA_Pct",0.120547694892179,0.12239083396456,0.121576825785474,0.121050581105048,0.120166434072227,0.120790420034829,0.122548145233284,0.120847052238333,0.122527796459443
"Singapore","Singapore","ASPIRATIONAL COMPARATORS","Agriculture_Productivity",NA,NA,NA,NA,NA,NA,NA,NA,NA
"Singapore","Singapore","ASPIRATIONAL COMPARATORS","Consumer_services_Productivity",112.643525312397,115.642581640652,117.769025389714,117.454088461446,119.370343536222,119.872086920463,120.594325769063,122.680212225693,119.676217665892
"Singapore","Singapore","ASPIRATIONAL COMPARATORS","Financial_business_services_Productivity",159.772589087116,160.65843634181,169.241210257957,168.925210287748,173.506564221932,174.939820372287,182.368312583967,187.600343269359,187.293228564896
"Singapore","Singapore","ASPIRATIONAL COMPARATORS","Industry_Productivity",104.918526970007,105.360248779942,111.210104894254,114.627010796555,123.01013828238,128.248686854957,139.471751544607,149.328842804293,152.999575498903
"Singapore","Singapore","ASPIRATIONAL COMPARATORS","Public_services_Productivity",209.865474562165,207.175960863884,204.791726115885,203.868238568365,191.657856837369,190.890900876801,198.073897089247,203.005082179768,196.845385150245
"Singapore","Singapore","ASPIRATIONAL COMPARATORS","Transport_Information_Communic_Services_Productivity",144.571215670128,148.163460114115,147.664915684226,147.166554400251,144.626737900182,146.098906841468,149.419659426559,146.611558406406,145.494199121933
"Singapore","Singapore","ASPIRATIONAL COMPARATORS","Total_GDP",262732,274454.1,287730.2,299061,307998.5,317988.4,331778.3,343185.2,345718.8
"Singapore","Singapore","ASPIRATIONAL COMPARATORS","GDP_per_capita_PPP",79.2294019238812,80.75849181835,83.3050758617726,85.4686269362037,86.9847562837376,88.8569843744945,92.4925173421285,95.12555988609,95.0372912735905
"Singapore","Singapore","ASPIRATIONAL COMPARATORS","GVA_per_capita",71.4731673665545,72.7629899422807,75.3719558701887,77.4771816640108,78.2837476842827,79.4394581599296,82.6645056737656,85.2793135610351,85.1906048253999
"Singapore","Singapore","ASPIRATIONAL COMPARATORS","POPTOTT",5183.688,5312.437,5399.162,5469.724,5535.002,5594.123,5607.299,5639.54,5686.451
"Singapore","Singapore","ASPIRATIONAL COMPARATORS","EMPTOTT",3178.15,3303.575,3438.45,3569.75,3635.4,3671.575,3662.75,3691.5,3752.75
"Singapore","Singapore","ASPIRATIONAL COMPARATORS","EMPO_Q",531.8102,549.9166,566.6601,590.4186,610.9653,629.5156,647.7224,662.511,678.6819
"Singapore","Singapore","ASPIRATIONAL COMPARATORS","EMPB_F",937.4636,981.8798,1027.225,1051.076,1044.457,1029.97,983.098,959.8869,961.5994
"Singapore","Singapore","ASPIRATIONAL COMPARATORS","EMPK_N",615.6081,643.9195,674.9999,713.2251,740.4838,755.0728,751.8543,764.0647,785.5292
"Singapore","Singapore","ASPIRATIONAL COMPARATORS","EMPGIR_U",784.339,808.5494,834.5151,866.4543,879.4764,889.6041,899.9105,908.6176,918.9754
"Singapore","Singapore","ASPIRATIONAL COMPARATORS","EMPA",0,0,0,0,0,0,0,0,0
"Singapore","Singapore","ASPIRATIONAL COMPARATORS","EMPHJ",308.9292,319.3097,335.05,348.5756,360.0178,367.4124,380.1647,396.4197,407.9641
"Singapore","Singapore","ASPIRATIONAL COMPARATORS","GVATOTPPPC",370494.6,386548.8,406945.4,423778.8,433300.7,444394.1,463524.6,480936.1,484432.2
"Singapore","Singapore","ASPIRATIONAL COMPARATORS","GVAAPPPC",0,0,0,0,0,0,0,0,0
"Singapore","Singapore","ASPIRATIONAL COMPARATORS","GVAGIR_UPPPC",88350.71,93502.74,98280.03,101768.6,104983.4,106638.7,108524.1,111469.4,109979.5
"Singapore","Singapore","ASPIRATIONAL COMPARATORS","GVAK_NPPPC",98357.3,103451.1,114237.8,120481.7,128478.8,132092.3,137114.4,143338.8,147124.3
"Singapore","Singapore","ASPIRATIONAL COMPARATORS","GVAB_FPPPC",111608.6,113929.5,116047.3,120367.6,117096.3,120168.8,128296.9,134493.1,133595.4
"Singapore","Singapore","ASPIRATIONAL COMPARATORS","GVAO_QPPPC",27515.66,28355.46,28905.18,29862.18,30674.07,31815.68,32785.16,33515.05,34376.6
"Singapore","Singapore","ASPIRATIONAL COMPARATORS","GVAHJPPPC",44662.27,47310.03,49475.13,51298.67,52068.2,53678.55,56804.08,58119.71,59356.41
"Singapore","Singapore","ASPIRATIONAL COMPARATORS","GDPTOTUSC",262732,274454.1,287730.2,299061,307998.5,317988.4,331778.3,343185.2,345718.8
"Singapore","Singapore","ASPIRATIONAL COMPARATORS","GDPTOTPPPC",410700.5,429024.4,449777.6,467489.8,481460.8,497076.9,518633.2,536464.4,540424.9
"Bangkok","Thailand","ASPIRATIONAL COMPARATORS","Total_Employment",9533.003,9587.983,9614.393,9355.729,9429.605,9297.143,9256.135,9402.319,9449.91
"Bangkok","Thailand","ASPIRATIONAL COMPARATORS","Public_Services_Emp_Pct",0.0802006461132971,0.0853898677125314,0.081993787855354,0.0867859575667487,0.0901110597951876,0.0893018425122643,0.0906973266919724,0.0894682471420083,0.088035081815594
"Bangkok","Thailand","ASPIRATIONAL COMPARATORS","Industry_Emp_Pct",0.307242429274385,0.322154200732313,0.310756071652157,0.319201849476401,0.315147983399093,0.305484813990707,0.294963826694403,0.298962202835279,0.300138731479982
"Bangkok","Thailand","ASPIRATIONAL COMPARATORS","Financial_Busines_Serices_Emp_Pct",0.0855573002547046,0.0915814932087385,0.0954493226977512,0.0887255178083931,0.09919316874885,0.102947475369584,0.103943514220568,0.099734193234669,0.103980355368464
"Bangkok","Thailand","ASPIRATIONAL COMPARATORS","Consumer_services_Emp_Pct",0.380666721703539,0.358738537604833,0.362635581882288,0.358468484925119,0.351299444674512,0.365023319529451,0.377599829734549,0.379252501430764,0.375413204993487
"Bangkok","Thailand","ASPIRATIONAL COMPARATORS","Agriculture_Emp_Pct",0.0531199140501687,0.0473393726292589,0.0498399430936514,0.049165447182149,0.0453277735387644,0.0403030586923316,0.0313802575264946,0.031763919092726,0.0309889723817476
"Bangkok","Thailand","ASPIRATIONAL COMPARATORS","Transport_Information_Communic_Services_Emp_Pct",0.0932130305634017,0.0947965906906593,0.0993254280327422,0.0976527751071028,0.0989207289170649,0.0969396082215795,0.101415374775757,0.10081903198562,0.101443706871282
"Bangkok","Thailand","ASPIRATIONAL COMPARATORS","Total_GVA",420875.3,449027.8,467982.6,485207.5,505363.3,523370.8,546806.3,573911.1,591690.1
"Bangkok","Thailand","ASPIRATIONAL COMPARATORS","Agriculture_GVA_Pct",0.0114931667408375,0.0106730785933521,0.0105902398935345,0.00963252422932457,0.00826551512545529,0.00728198630875089,0.00605632195532495,0.00594518210224545,0.00572913591084252
"Bangkok","Thailand","ASPIRATIONAL COMPARATORS","Consumer_services_GVA_Pct",0.277631165335671,0.285433774924403,0.279866815561091,0.269576624433876,0.274426536315558,0.282060443570792,0.291455127711586,0.300311668479665,0.307581958866643
"Bangkok","Thailand","ASPIRATIONAL COMPARATORS","Financial_business_services_GVA_Pct",0.175892693156381,0.186931120968457,0.190520480889674,0.194296522621765,0.196249134038819,0.196605542380278,0.199810792231179,0.197146735792355,0.195943450803047
"Bangkok","Thailand","ASPIRATIONAL COMPARATORS","Public_services_GVA_Pct",0.119694764696336,0.102725510536319,0.109148844422848,0.122631554541098,0.121270895611138,0.119167863396277,0.116117681892107,0.114052646829796,0.11360930324844
"Bangkok","Thailand","ASPIRATIONAL COMPARATORS","Transport_Information_Communic_Services_GVA_Pct",0.113532012926394,0.115426015939325,0.120714017999815,0.119813626129027,0.122322139340154,0.124311807231126,0.126274770426017,0.126115874043907,0.129941738082148
"Bangkok","Thailand","ASPIRATIONAL COMPARATORS","Agriculture_Productivity",9.5522581998186,10.558766447575,10.3427516294476,10.1608487873131,9.77272631561708,10.1711914466726,11.4013500658783,11.4245926312846,11.5757351208668
"Bangkok","Thailand","ASPIRATIONAL COMPARATORS","Consumer_services_Productivity",32.1993432164098,37.2626126627706,37.5654699914327,39.0014831229907,41.865746547667,43.4992282700106,45.5977843361377,48.3340732217509,51.3000684120429
"Bangkok","Thailand","ASPIRATIONAL COMPARATORS","Financial_business_services_Productivity",90.7641690104927,95.591629390337,97.1575720836498,113.570714278744,106.031812181163,107.50781461083,113.559997804837,120.657731142361,117.99024022878
"Bangkok","Thailand","ASPIRATIONAL COMPARATORS","Industry_Productivity",25.2749507245447,27.1746391570343,29.8421343822453,31.5681768410168,33.3736276050141,36.2298143469186,40.0178739847449,40.2515815005525,40.8766541009292
"Bangkok","Thailand","ASPIRATIONAL COMPARATORS","Public_services_Productivity",166.112486642522,163.883693087449,171.658100988113,169.743944762822,165.021853882911,170.5623112019,169.534918542044,174.946773037378,175.812418351878
"Bangkok","Thailand","ASPIRATIONAL COMPARATORS","Transport_Information_Communic_Services_Productivity",53.7731427219061,57.0239059372449,59.1568575523609,63.6314023149192,66.2716767901316,72.1890119781009,73.5557481593976,76.3548931269066,80.2029220957031
"Bangkok","Thailand","ASPIRATIONAL COMPARATORS","Total_GDP",156430,167183,173909.5,179475.6,186513.1,193060.7,201787.9,211615.2,218056.8
"Bangkok","Thailand","ASPIRATIONAL COMPARATORS","GDP_per_capita_PPP",28.0024074623405,29.4622122234428,30.1818159691375,30.6867844089496,31.4319300510884,32.0509183550303,32.864823113243,34.0354316920429,34.6916729199915
"Bangkok","Thailand","ASPIRATIONAL COMPARATORS","GVA_per_capita",27.8057473869058,29.2046612696672,29.9748854923206,30.6181785368119,31.4319362707597,32.0672653625415,32.8681651924851,34.0670821832428,34.7420694336308
"Bangkok","Thailand","ASPIRATIONAL COMPARATORS","POPTOTT",15136.27,15375.21,15612.49,15847.04,16078.02,16321.03,16636.35,16846.5,17030.94
"Bangkok","Thailand","ASPIRATIONAL COMPARATORS","EMPTOTT",9533.003,9587.983,9614.393,9355.729,9429.605,9297.143,9256.135,9402.319,9449.91
"Bangkok","Thailand","ASPIRATIONAL COMPARATORS","EMPO_Q",764.553,818.7166,788.3205,811.9459,849.7117,830.252,839.5067,841.209,831.9236
"Bangkok","Thailand","ASPIRATIONAL COMPARATORS","EMPB_F",2928.943,3088.809,2987.731,2986.366,2971.721,2840.136,2730.225,2810.938,2836.284
"Bangkok","Thailand","ASPIRATIONAL COMPARATORS","EMPK_N",815.618,878.0818,917.6873,830.0919,935.3524,957.1174,962.1152,937.7327,982.605
"Bangkok","Thailand","ASPIRATIONAL COMPARATORS","EMPGIR_U",3628.897,3439.579,3486.521,3353.734,3312.615,3393.674,3495.115,3565.853,3547.621
"Bangkok","Thailand","ASPIRATIONAL COMPARATORS","EMPA",506.3923,453.8891,479.1808,459.9786,427.423,374.7033,290.4599,298.6545,292.843
"Bangkok","Thailand","ASPIRATIONAL COMPARATORS","EMPHJ",888.6001,908.9081,954.9537,913.6129,932.7834,901.2614,938.7144,947.9327,958.6339
"Bangkok","Thailand","ASPIRATIONAL COMPARATORS","GVATOTPPPC",420875.3,449027.8,467982.6,485207.5,505363.3,523370.8,546806.3,573911.1,591690.1
"Bangkok","Thailand","ASPIRATIONAL COMPARATORS","GVAAPPPC",4837.19,4792.509,4956.048,4673.773,4177.088,3811.179,3311.635,3412.006,3389.873
"Bangkok","Thailand","ASPIRATIONAL COMPARATORS","GVAGIR_UPPPC",116848.1,128167.7,130972.8,130800.6,138685.1,147622.2,159369.5,172352.2,181993.2
"Bangkok","Thailand","ASPIRATIONAL COMPARATORS","GVAK_NPPPC",74028.89,83937.27,89160.27,94274.13,99177.11,102897.6,109257.8,113144.7,115937.8
"Bangkok","Thailand","ASPIRATIONAL COMPARATORS","GVAB_FPPPC",127001.8,134174.3,135321.6,137822.9,140221,141609.7,142325.7,147166.8,146262.5
"Bangkok","Thailand","ASPIRATIONAL COMPARATORS","GVAO_QPPPC",50376.57,46126.61,51079.76,59501.75,61285.86,62368.98,63493.88,65456.08,67221.5
"Bangkok","Thailand","ASPIRATIONAL COMPARATORS","GVAHJPPPC",47782.82,51829.49,56492.06,58134.47,61817.12,65061.17,69047.84,72379.3,76885.24
"Bangkok","Thailand","ASPIRATIONAL COMPARATORS","GDPTOTUSC",156430,167183,173909.5,179475.6,186513.1,193060.7,201787.9,211615.2,218056.8
"Bangkok","Thailand","ASPIRATIONAL COMPARATORS","GDPTOTPPPC",423852,452987.7,471213.3,486294.7,505363.2,523104,546750.7,573377.9,590831.8
"Ho Chi Minh City","Vietnam","DIRECT COMPARATORS","Total_Employment",3873.675,3966.275,4011.575,4080.325,4267.675,4376.473,4503.937,4728.573,5072.296
"Ho Chi Minh City","Vietnam","DIRECT COMPARATORS","Public_Services_Emp_Pct",0.101999987092361,0.096,0.102102092071069,0.102897097657662,0.100563890174392,0.10063043916871,0.101011537239531,0.100886187016675,0.0916907057474564
"Ho Chi Minh City","Vietnam","DIRECT COMPARATORS","Industry_Emp_Pct",0.346999941915623,0.341999987393713,0.330330356530789,0.328671368089552,0.33678806375837,0.343572324106649,0.339689254090366,0.335020946065547,0.358581596973047
"Ho Chi Minh City","Vietnam","DIRECT COMPARATORS","Financial_Busines_Serices_Emp_Pct",0.0700000129076394,0.0770000063031434,0.0740740731508198,0.0779220772855104,0.076062352451862,0.0767278811042591,0.081149980561451,0.0860152735296674,0.0892092062450614
"Ho Chi Minh City","Vietnam","DIRECT COMPARATORS","Consumer_services_Emp_Pct",0.367999896738885,0.371999924362279,0.378378317743031,0.372627425511448,0.372130258278805,0.367716880693654,0.363936040846042,0.367905285590388,0.348818956937844
"Ho Chi Minh City","Vietnam","DIRECT COMPARATORS","Agriculture_Emp_Pct",0.028,0.028,0.0260260371549828,0.0259740339311207,0.023704897865934,0.0223427495154203,0.0210387845123056,0.0190479707091336,0.0162327711158812
"Ho Chi Minh City","Vietnam","DIRECT COMPARATORS","Transport_Information_Communic_Services_Emp_Pct",0.0850000064538197,0.0850000063031434,0.089089098421443,0.0919080955561138,0.0907504906067121,0.089009643153288,0.0931741496384164,0.0911243836142532,0.0954670429328257
"Ho Chi Minh City","Vietnam","DIRECT COMPARATORS","Total_GVA",75431.8,82618.91,89203.87,94762.03,102296.5,111070.6,122024.4,133779.6,146185.2
"Ho Chi Minh City","Vietnam","DIRECT COMPARATORS","Agriculture_GVA_Pct",0.139784812240991,0.135623188444389,0.132593686798566,0.131943353260794,0.126187601726354,0.118890417446201,0.112204854111145,0.10690486441879,0.100652323217398
"Ho Chi Minh City","Vietnam","DIRECT COMPARATORS","Consumer_services_GVA_Pct",0.165760594338197,0.17191512209493,0.179202090671627,0.183186240311652,0.18425488653082,0.184482932477181,0.183329317743009,0.182134196843166,0.182186432005429
"Ho Chi Minh City","Vietnam","DIRECT COMPARATORS","Financial_business_services_GVA_Pct",0.156375958150276,0.146858872865788,0.142845259964618,0.142570077909897,0.138391733832536,0.135300610602626,0.132036625461793,0.130057721805118,0.129904258433822
"Ho Chi Minh City","Vietnam","DIRECT COMPARATORS","Public_services_GVA_Pct",0.0834248552997542,0.0882134973700331,0.0914262015762321,0.0905520913809044,0.0901629870034654,0.0896783667325107,0.0883978941916535,0.0866416105295576,0.0851629303103187
"Ho Chi Minh City","Vietnam","DIRECT COMPARATORS","Transport_Information_Communic_Services_GVA_Pct",0.0845907561532404,0.0841681765106802,0.0836393421047764,0.0825057884471238,0.0813378561338853,0.0805259897758723,0.0796386214560367,0.0790139154250723,0.0794320492088118
"Ho Chi Minh City","Vietnam","DIRECT COMPARATORS","Agriculture_Productivity",97.2149924075421,100.895676673957,113.287914226659,117.974382563159,127.599224236098,135.047049347511,144.492522797174,158.784661482238,178.702223120423
"Ho Chi Minh City","Vietnam","DIRECT COMPARATORS","Consumer_services_Productivity",8.77131865603376,9.62648784713044,10.5313879173301,11.4171480511246,11.8684352865097,12.7326115715934,13.647755384667,14.0060367875001,15.0527125500123
"Ho Chi Minh City","Vietnam","DIRECT COMPARATORS","Financial_business_services_Productivity",43.5013919964537,39.7288568030721,42.8813438971145,42.4920285556667,43.6123846074698,44.7529240092615,44.0819065900873,42.7779888107452,41.9674449801158
"Ho Chi Minh City","Vietnam","DIRECT COMPARATORS","Industry_Productivity",8.77550003161814,8.94480215501163,9.61581562772376,10.0740966649417,9.84969755834195,9.99439358620942,10.5309362007243,10.9830756906925,10.440810366213
"Ho Chi Minh City","Vietnam","DIRECT COMPARATORS","Public_services_Productivity",70.6491379214345,80.9825497475591,80.6454841937136,83.3389781581008,90.4956730836444,98.6409370980985,108.46427824093,116.448816334299,132.851597910392
"Ho Chi Minh City","Vietnam","DIRECT COMPARATORS","Transport_Information_Communic_Services_Productivity",19.3791729635695,20.6265027434244,20.8763622464797,20.8482809616365,21.4839026516317,22.9601053322528,23.1570199487431,24.5317638005024,23.9795546437892
"Ho Chi Minh City","Vietnam","DIRECT COMPARATORS","Total_GDP",29756.56,32706.45,35388.41,37608.26,40853.7,44710.28,49483.92,54571.59,60025.44
"Ho Chi Minh City","Vietnam","DIRECT COMPARATORS","GDP_per_capita_PPP",11.8222517437119,12.7237565066512,13.4874761589169,14.0456694144959,14.9882646227135,16.0932877324955,17.4259496880924,18.8133144184237,20.2604763006733
"Ho Chi Minh City","Vietnam","DIRECT COMPARATORS","GVA_per_capita",9.94528181933007,10.6661197120549,11.2823176315244,11.7446156069411,12.4544872142949,13.2672684983449,14.2601513143594,15.3050143577892,16.3743001854224
"Ho Chi Minh City","Vietnam","DIRECT COMPARATORS","POPTOTT",7584.682,7745.92,7906.52,8068.551,8213.626,8371.776,8557.02,8740.9,8927.722
"Ho Chi Minh City","Vietnam","DIRECT COMPARATORS","EMPTOTT",3873.675,3966.275,4011.575,4080.325,4267.675,4376.473,4503.937,4728.573,5072.296
"Ho Chi Minh City","Vietnam","DIRECT COMPARATORS","EMPO_Q",395.1148,380.7624,409.5902,419.8536,429.174,440.4064,454.9496,477.0477,465.0824
"Ho Chi Minh City","Vietnam","DIRECT COMPARATORS","EMPB_F",1344.165,1356.466,1325.145,1341.086,1437.302,1503.635,1529.939,1584.171,1818.832
"Ho Chi Minh City","Vietnam","DIRECT COMPARATORS","EMPK_N",271.1573,305.4032,297.1537,317.9474,324.6094,335.7975,365.4944,406.7295,452.4955
"Ho Chi Minh City","Vietnam","DIRECT COMPARATORS","EMPGIR_U",1425.512,1475.454,1517.893,1520.441,1588.131,1609.303,1639.145,1739.667,1769.313
"Ho Chi Minh City","Vietnam","DIRECT COMPARATORS","EMPA",108.4629,111.0557,104.4054,105.9825,101.1648,97.78244,94.75736,90.06972,82.33742
"Ho Chi Minh City","Vietnam","DIRECT COMPARATORS","EMPHJ",329.2624,337.1334,357.3876,375.0149,387.2936,389.5483,419.6505,430.8883,484.2371
"Ho Chi Minh City","Vietnam","DIRECT COMPARATORS","GVATOTPPPC",75431.8,82618.91,89203.87,94762.03,102296.5,111070.6,122024.4,133779.6,146185.2
"Ho Chi Minh City","Vietnam","DIRECT COMPARATORS","GVAAPPPC",10544.22,11205.04,11827.87,12503.22,12908.55,13205.23,13691.73,14301.69,14713.88
"Ho Chi Minh City","Vietnam","DIRECT COMPARATORS","GVAGIR_UPPPC",12503.62,14203.44,15985.52,17359.1,18848.63,20490.63,22370.65,24365.84,26632.96
"Ho Chi Minh City","Vietnam","DIRECT COMPARATORS","GVAK_NPPPC",11795.72,12133.32,12742.35,13510.23,14156.99,15027.92,16111.69,17399.07,18990.08
"Ho Chi Minh City","Vietnam","DIRECT COMPARATORS","GVAB_FPPPC",27914.52,30835.11,33031.6,34990.17,38838.39,43442.1,49345.78,55551.64,61786.94
"Ho Chi Minh City","Vietnam","DIRECT COMPARATORS","GVAO_QPPPC",6292.887,7288.103,8155.571,8580.9,9223.358,9960.63,10786.7,11590.88,12449.56
"Ho Chi Minh City","Vietnam","DIRECT COMPARATORS","GVAHJPPPC",6380.833,6953.883,7460.953,7818.416,8320.578,8944.07,9717.855,10570.45,11611.79
"Ho Chi Minh City","Vietnam","DIRECT COMPARATORS","GDPTOTUSC",29756.56,32706.45,35388.41,37608.26,40853.7,44710.28,49483.92,54571.59,60025.44
"Ho Chi Minh City","Vietnam","DIRECT COMPARATORS","GDPTOTPPPC",89668.02,98557.2,106639,113328.2,123108,134729.4,149114.2,164445.3,180879.9
